[
    {
        "disciplineName": "足球",
        "event": "男子B组#3",
        "startDate": "21:00",
        "competitors": [
            {
                "noc": "./country_images/ARG.png",
                "name": "阿根廷",
                "mark": "1",
                "winnerLoserTie": "L"
            },
            {
                "noc": "./country_images/MAR.png",
                "name": "摩洛哥",
                "mark": "2",
                "winnerLoserTie": "W"
            }
        ]
    },
    {
        "disciplineName": "足球",
        "event": "男子C组#5",
        "startDate": "21:00",
        "competitors": [
            {
                "noc": "./country_images/UZB.png",
                "name": "乌兹别克斯坦",
                "mark": "1",
                "winnerLoserTie": "L"
            },
            {
                "noc": "./country_images/ESP.png",
                "name": "西班牙",
                "mark": "2",
                "winnerLoserTie": "W"
            }
        ]
    },
    {
        "disciplineName": "七人制橄榄球",
        "event": "男子分组循环赛B组#M01",
        "startDate": "21:30",
        "competitors": [
            {
                "noc": "./country_images/AUS.png",
                "name": "澳大利亚",
                "mark": "21",
                "winnerLoserTie": "W"
            },
            {
                "noc": "./country_images/SAM.png",
                "name": "萨摩亚",
                "mark": "14",
                "winnerLoserTie": "L"
            }
        ]
    },
    {
        "disciplineName": "七人制橄榄球",
        "event": "男子分组循环赛B组#M02",
        "startDate": "22:00",
        "competitors": [
            {
                "noc": "./country_images/ARG.png",
                "name": "阿根廷",
                "mark": "31",
                "winnerLoserTie": "W"
            },
            {
                "noc": "./country_images/KEN.png",
                "name": "肯尼亚",
                "mark": "12",
                "winnerLoserTie": "L"
            }
        ]
    },
    {
        "disciplineName": "七人制橄榄球",
        "event": "男子分组循环赛C组#M03",
        "startDate": "22:30",
        "competitors": [
            {
                "noc": "./country_images/FRA.png",
                "name": "法国",
                "mark": "12",
                "winnerLoserTie": "T"
            },
            {
                "noc": "./country_images/USA.png",
                "name": "美国",
                "mark": "12",
                "winnerLoserTie": "T"
            }
        ]
    },
    {
        "disciplineName": "七人制橄榄球",
        "event": "男子分组循环赛C组#M04",
        "startDate": "23:00",
        "competitors": [
            {
                "noc": "./country_images/FIJ.png",
                "name": "斐济",
                "mark": "40",
                "winnerLoserTie": "W"
            },
            {
                "noc": "./country_images/URU.png",
                "name": "乌拉圭",
                "mark": "12",
                "winnerLoserTie": "L"
            }
        ]
    },
    {
        "disciplineName": "足球",
        "event": "男子A组#2",
        "startDate": "23:00",
        "competitors": [
            {
                "noc": "./country_images/GUI.png",
                "name": "几内亚",
                "mark": "1",
                "winnerLoserTie": "L"
            },
            {
                "noc": "./country_images/NZL.png",
                "name": "新西兰",
                "mark": "2",
                "winnerLoserTie": "W"
            }
        ]
    },
    {
        "disciplineName": "足球",
        "event": "男子C组#6",
        "startDate": "23:00",
        "competitors": [
            {
                "noc": "./country_images/EGY.png",
                "name": "埃及",
                "mark": "0",
                "winnerLoserTie": "T"
            },
            {
                "noc": "./country_images/DOM.png",
                "name": "多米尼加",
                "mark": "0",
                "winnerLoserTie": "T"
            }
        ]
    },
    {
        "disciplineName": "七人制橄榄球",
        "event": "男子分组循环赛A组#M05",
        "startDate": "23:30",
        "competitors": [
            {
                "noc": "./country_images/IRL.png",
                "name": "爱尔兰",
                "mark": "10",
                "winnerLoserTie": "W"
            },
            {
                "noc": "./country_images/RSA.png",
                "name": "南非",
                "mark": "5",
                "winnerLoserTie": "L"
            }
        ]
    }
]