[
    {
        "disciplineName": "七人制橄榄球",
        "event": "男子分组循环赛A组#M06",
        "startDate": "00:00",
        "competitors": [
            {
                "noc": "./country_images/NZL.png",
                "name": "新西兰",
                "mark": "40",
                "winnerLoserTie": "W"
            },
            {
                "noc": "./country_images/JPN.png",
                "name": "日本",
                "mark": "12",
                "winnerLoserTie": "L"
            }
        ]
    },
    {
        "disciplineName": "七人制橄榄球",
        "event": "男子分组循环赛B组#M07",
        "startDate": "01:00",
        "competitors": [
            {
                "noc": "./country_images/AUS.png",
                "name": "澳大利亚",
                "mark": "21",
                "winnerLoserTie": "W"
            },
            {
                "noc": "./country_images/KEN.png",
                "name": "肯尼亚",
                "mark": "7",
                "winnerLoserTie": "L"
            }
        ]
    },
    {
        "disciplineName": "足球",
        "event": "男子B组#4",
        "startDate": "01:00",
        "competitors": [
            {
                "noc": "./country_images/IRQ.png",
                "name": "伊拉克",
                "mark": "2",
                "winnerLoserTie": "W"
            },
            {
                "noc": "./country_images/UKR.png",
                "name": "乌克兰",
                "mark": "1",
                "winnerLoserTie": "L"
            }
        ]
    },
    {
        "disciplineName": "足球",
        "event": "男子D组#8",
        "startDate": "01:00",
        "competitors": [
            {
                "noc": "./country_images/JPN.png",
                "name": "日本",
                "mark": "5",
                "winnerLoserTie": "W"
            },
            {
                "noc": "./country_images/PAR.png",
                "name": "巴拉圭",
                "mark": "0",
                "winnerLoserTie": "L"
            }
        ]
    },
    {
        "disciplineName": "七人制橄榄球",
        "event": "男子分组循环赛B组#M08",
        "startDate": "01:30",
        "competitors": [
            {
                "noc": "./country_images/ARG.png",
                "name": "阿根廷",
                "mark": "28",
                "winnerLoserTie": "W"
            },
            {
                "noc": "./country_images/SAM.png",
                "name": "萨摩亚",
                "mark": "12",
                "winnerLoserTie": "L"
            }
        ]
    },
    {
        "disciplineName": "七人制橄榄球",
        "event": "男子分组循环赛C组#M09",
        "startDate": "02:00",
        "competitors": [
            {
                "noc": "./country_images/FRA.png",
                "name": "法国",
                "mark": "19",
                "winnerLoserTie": "W"
            },
            {
                "noc": "./country_images/URU.png",
                "name": "乌拉圭",
                "mark": "12",
                "winnerLoserTie": "L"
            }
        ]
    },
    {
        "disciplineName": "七人制橄榄球",
        "event": "男子分组循环赛C组#M10",
        "startDate": "02:30",
        "competitors": [
            {
                "noc": "./country_images/FIJ.png",
                "name": "斐济",
                "mark": "38",
                "winnerLoserTie": "W"
            },
            {
                "noc": "./country_images/USA.png",
                "name": "美国",
                "mark": "12",
                "winnerLoserTie": "L"
            }
        ]
    },
    {
        "disciplineName": "七人制橄榄球",
        "event": "男子分组循环赛A组#M11",
        "startDate": "03:00",
        "competitors": [
            {
                "noc": "./country_images/IRL.png",
                "name": "爱尔兰",
                "mark": "40",
                "winnerLoserTie": "W"
            },
            {
                "noc": "./country_images/JPN.png",
                "name": "日本",
                "mark": "5",
                "winnerLoserTie": "L"
            }
        ]
    },
    {
        "disciplineName": "足球",
        "event": "男子A组#1",
        "startDate": "03:00",
        "competitors": [
            {
                "noc": "./country_images/FRA.png",
                "name": "法国",
                "mark": "3",
                "winnerLoserTie": "W"
            },
            {
                "noc": "./country_images/USA.png",
                "name": "美国",
                "mark": "0",
                "winnerLoserTie": "L"
            }
        ]
    },
    {
        "disciplineName": "足球",
        "event": "男子D组#7",
        "startDate": "03:00",
        "competitors": [
            {
                "noc": "./country_images/MLI.png",
                "name": "马里",
                "mark": "1",
                "winnerLoserTie": "T"
            },
            {
                "noc": "./country_images/ISR.png",
                "name": "以色列",
                "mark": "1",
                "winnerLoserTie": "T"
            }
        ]
    },
    {
        "disciplineName": "七人制橄榄球",
        "event": "男子分组循环赛A组#M12",
        "startDate": "03:30",
        "competitors": [
            {
                "noc": "./country_images/NZL.png",
                "name": "新西兰",
                "mark": "17",
                "winnerLoserTie": "W"
            },
            {
                "noc": "./country_images/RSA.png",
                "name": "南非",
                "mark": "5",
                "winnerLoserTie": "L"
            }
        ]
    },
    {
        "disciplineName": "手球",
        "event": "女子预赛A组#1",
        "startDate": "15:00",
        "competitors": [
            {
                "noc": "./country_images/SLO.png",
                "name": "斯洛文尼亚",
                "mark": "19",
                "winnerLoserTie": "L"
            },
            {
                "noc": "./country_images/DEN.png",
                "name": "丹麦",
                "mark": "27",
                "winnerLoserTie": "W"
            }
        ]
    },
    {
        "disciplineName": "射箭",
        "event": "女子个人排名赛#",
        "startDate": "15:30",
        "competitors": [
            {
                "noc": "",
                "name": "",
                "mark": "",
                "winnerLoserTie": ""
            },
            {
                "noc": "",
                "name": "",
                "mark": "",
                "winnerLoserTie": ""
            }
        ]
    },
    {
        "disciplineName": "手球",
        "event": "女子预赛B组#2",
        "startDate": "17:00",
        "competitors": [
            {
                "noc": "./country_images/NED.png",
                "name": "荷兰",
                "mark": "34",
                "winnerLoserTie": "W"
            },
            {
                "noc": "./country_images/ANG.png",
                "name": "安哥拉",
                "mark": "31",
                "winnerLoserTie": "L"
            }
        ]
    },
    {
        "disciplineName": "七人制橄榄球",
        "event": "男子分组循环赛B组#M13",
        "startDate": "20:00",
        "competitors": [
            {
                "noc": "./country_images/SAM.png",
                "name": "萨摩亚",
                "mark": "26",
                "winnerLoserTie": "W"
            },
            {
                "noc": "./country_images/KEN.png",
                "name": "肯尼亚",
                "mark": "0",
                "winnerLoserTie": "L"
            }
        ]
    },
    {
        "disciplineName": "手球",
        "event": "女子预赛B组#3",
        "startDate": "20:00",
        "competitors": [
            {
                "noc": "./country_images/ESP.png",
                "name": "西班牙",
                "mark": "18",
                "winnerLoserTie": "L"
            },
            {
                "noc": "./country_images/BRA.png",
                "name": "巴西",
                "mark": "29",
                "winnerLoserTie": "W"
            }
        ]
    },
    {
        "disciplineName": "射箭",
        "event": "男子个人排名赛#",
        "startDate": "20:15",
        "competitors": [
            {
                "noc": "",
                "name": "",
                "mark": "",
                "winnerLoserTie": ""
            },
            {
                "noc": "",
                "name": "",
                "mark": "",
                "winnerLoserTie": ""
            }
        ]
    },
    {
        "disciplineName": "七人制橄榄球",
        "event": "男子分组循环赛B组#M14",
        "startDate": "20:30",
        "competitors": [
            {
                "noc": "./country_images/ARG.png",
                "name": "阿根廷",
                "mark": "14",
                "winnerLoserTie": "L"
            },
            {
                "noc": "./country_images/AUS.png",
                "name": "澳大利亚",
                "mark": "22",
                "winnerLoserTie": "W"
            }
        ]
    },
    {
        "disciplineName": "七人制橄榄球",
        "event": "男子分组循环赛C组#M15",
        "startDate": "21:00",
        "competitors": [
            {
                "noc": "./country_images/USA.png",
                "name": "美国",
                "mark": "33",
                "winnerLoserTie": "W"
            },
            {
                "noc": "./country_images/URU.png",
                "name": "乌拉圭",
                "mark": "17",
                "winnerLoserTie": "L"
            }
        ]
    },
    {
        "disciplineName": "七人制橄榄球",
        "event": "男子分组循环赛C组#M16",
        "startDate": "21:30",
        "competitors": [
            {
                "noc": "./country_images/FIJ.png",
                "name": "斐济",
                "mark": "19",
                "winnerLoserTie": "W"
            },
            {
                "noc": "./country_images/FRA.png",
                "name": "法国",
                "mark": "12",
                "winnerLoserTie": "L"
            }
        ]
    },
    {
        "disciplineName": "七人制橄榄球",
        "event": "男子分组循环赛A组#M17",
        "startDate": "22:00",
        "competitors": [
            {
                "noc": "./country_images/RSA.png",
                "name": "南非",
                "mark": "49",
                "winnerLoserTie": "W"
            },
            {
                "noc": "./country_images/JPN.png",
                "name": "日本",
                "mark": "5",
                "winnerLoserTie": "L"
            }
        ]
    },
    {
        "disciplineName": "手球",
        "event": "女子预赛A组#4",
        "startDate": "22:00",
        "competitors": [
            {
                "noc": "./country_images/GER.png",
                "name": "德国",
                "mark": "22",
                "winnerLoserTie": "L"
            },
            {
                "noc": "./country_images/KOR.png",
                "name": "韩国",
                "mark": "23",
                "winnerLoserTie": "W"
            }
        ]
    },
    {
        "disciplineName": "七人制橄榄球",
        "event": "男子分组循环赛A组#M18",
        "startDate": "22:30",
        "competitors": [
            {
                "noc": "./country_images/NZL.png",
                "name": "新西兰",
                "mark": "14",
                "winnerLoserTie": "W"
            },
            {
                "noc": "./country_images/IRL.png",
                "name": "爱尔兰",
                "mark": "12",
                "winnerLoserTie": "L"
            }
        ]
    },
    {
        "disciplineName": "足球",
        "event": "女子A组#2",
        "startDate": "23:00",
        "competitors": [
            {
                "noc": "./country_images/CAN.png",
                "name": "加拿大",
                "mark": "2",
                "winnerLoserTie": "W"
            },
            {
                "noc": "./country_images/NZL.png",
                "name": "新西兰",
                "mark": "1",
                "winnerLoserTie": "L"
            }
        ]
    },
    {
        "disciplineName": "足球",
        "event": "女子C组#5",
        "startDate": "23:00",
        "competitors": [
            {
                "noc": "./country_images/ESP.png",
                "name": "西班牙",
                "mark": "2",
                "winnerLoserTie": "W"
            },
            {
                "noc": "./country_images/JPN.png",
                "name": "日本",
                "mark": "1",
                "winnerLoserTie": "L"
            }
        ]
    }
]