[
    {
        "disciplineName": "三人篮球",
        "event": "女子分组循环赛#50",
        "startDate": "00:00",
        "competitors": [
            {
                "noc": "./country_images/ESP.png",
                "name": "西班牙",
                "mark": "15",
                "winnerLoserTie": "L"
            },
            {
                "noc": "./country_images/GER.png",
                "name": "德国",
                "mark": "18",
                "winnerLoserTie": "W"
            }
        ]
    },
    {
        "disciplineName": "沙滩排球",
        "event": "男子幸运失败者赛#38",
        "startDate": "00:00",
        "competitors": [
            {
                "noc": "./country_images/CAN.png",
                "name": "SCHACHTER/DEARING",
                "mark": "0",
                "winnerLoserTie": "L"
            },
            {
                "noc": "./country_images/CHI.png",
                "name": "M.GRIMALT/E.GRIMALT",
                "mark": "2",
                "winnerLoserTie": "W"
            }
        ]
    },
    {
        "disciplineName": "皮划艇激流回旋",
        "event": "女子极限皮艇复活赛#",
        "startDate": "00:05",
        "competitors": [
            {
                "noc": "",
                "name": "",
                "mark": "",
                "winnerLoserTie": ""
            },
            {
                "noc": "",
                "name": "",
                "mark": "",
                "winnerLoserTie": ""
            }
        ]
    },
    {
        "disciplineName": "三人篮球",
        "event": "女子分组循环赛#51",
        "startDate": "00:35",
        "competitors": [
            {
                "noc": "./country_images/FRA.png",
                "name": "法国",
                "mark": "18",
                "winnerLoserTie": "W"
            },
            {
                "noc": "./country_images/AUS.png",
                "name": "澳大利亚",
                "mark": "16",
                "winnerLoserTie": "L"
            }
        ]
    },
    {
        "disciplineName": "皮划艇激流回旋",
        "event": "男子极限皮艇复活赛#",
        "startDate": "00:45",
        "competitors": [
            {
                "noc": "",
                "name": "",
                "mark": "",
                "winnerLoserTie": ""
            },
            {
                "noc": "",
                "name": "",
                "mark": "",
                "winnerLoserTie": ""
            }
        ]
    },
    {
        "disciplineName": "击剑",
        "event": "女子团体佩剑铜牌赛#",
        "startDate": "01:00",
        "competitors": [
            {
                "noc": "./country_images/FRA.png",
                "name": "法国",
                "mark": "40",
                "winnerLoserTie": "L"
            },
            {
                "noc": "./country_images/JPN.png",
                "name": "日本",
                "mark": "45",
                "winnerLoserTie": "W"
            }
        ]
    },
    {
        "disciplineName": "手球",
        "event": "女子预赛A组#29",
        "startDate": "01:00",
        "competitors": [
            {
                "noc": "./country_images/NOR.png",
                "name": "挪威",
                "mark": "30",
                "winnerLoserTie": "W"
            },
            {
                "noc": "./country_images/GER.png",
                "name": "德国",
                "mark": "18",
                "winnerLoserTie": "L"
            }
        ]
    },
    {
        "disciplineName": "足球",
        "event": "女子1/4决赛#22",
        "startDate": "01:00",
        "competitors": [
            {
                "noc": "./country_images/CAN.png",
                "name": "加拿大",
                "mark": "0",
                "winnerLoserTie": "L"
            },
            {
                "noc": "./country_images/GER.png",
                "name": "德国",
                "mark": "0",
                "winnerLoserTie": "W"
            }
        ]
    },
    {
        "disciplineName": "三人篮球",
        "event": "女子分组循环赛#52",
        "startDate": "01:05",
        "competitors": [
            {
                "noc": "./country_images/CHN.png",
                "name": "中国",
                "mark": "12",
                "winnerLoserTie": "L"
            },
            {
                "noc": "./country_images/USA.png",
                "name": "美国",
                "mark": "14",
                "winnerLoserTie": "W"
            }
        ]
    },
    {
        "disciplineName": "田径",
        "event": "男子十项全能标枪 - A组#",
        "startDate": "01:10",
        "competitors": [
            {
                "noc": "",
                "name": "",
                "mark": "",
                "winnerLoserTie": ""
            },
            {
                "noc": "",
                "name": "",
                "mark": "",
                "winnerLoserTie": ""
            }
        ]
    },
    {
        "disciplineName": "田径",
        "event": "男子1500米复活赛#",
        "startDate": "01:15",
        "competitors": [
            {
                "noc": "",
                "name": "",
                "mark": "",
                "winnerLoserTie": ""
            },
            {
                "noc": "",
                "name": "",
                "mark": "",
                "winnerLoserTie": ""
            }
        ]
    },
    {
        "disciplineName": "水球",
        "event": "男子预赛B组#23",
        "startDate": "01:30",
        "competitors": [
            {
                "noc": "./country_images/SRB.png",
                "name": "塞尔维亚",
                "mark": "15",
                "winnerLoserTie": "W"
            },
            {
                "noc": "./country_images/FRA.png",
                "name": "法国",
                "mark": "8",
                "winnerLoserTie": "L"
            }
        ]
    },
    {
        "disciplineName": "田径",
        "event": "男子铅球决赛#",
        "startDate": "01:35",
        "competitors": [
            {
                "noc": "",
                "name": "",
                "mark": "",
                "winnerLoserTie": ""
            },
            {
                "noc": "",
                "name": "",
                "mark": "",
                "winnerLoserTie": ""
            }
        ]
    },
    {
        "disciplineName": "曲棍球",
        "event": "女子分组循环赛A组#W30",
        "startDate": "01:45",
        "competitors": [
            {
                "noc": "./country_images/GER.png",
                "name": "德国",
                "mark": "0",
                "winnerLoserTie": "L"
            },
            {
                "noc": "./country_images/BEL.png",
                "name": "比利时",
                "mark": "2",
                "winnerLoserTie": "W"
            }
        ]
    },
    {
        "disciplineName": "田径",
        "event": "女子100米半决赛#",
        "startDate": "01:50",
        "competitors": [
            {
                "noc": "",
                "name": "",
                "mark": "",
                "winnerLoserTie": ""
            },
            {
                "noc": "",
                "name": "",
                "mark": "",
                "winnerLoserTie": ""
            }
        ]
    },
    {
        "disciplineName": "击剑",
        "event": "女子团体佩剑金牌赛#",
        "startDate": "02:00",
        "competitors": [
            {
                "noc": "./country_images/KOR.png",
                "name": "韩国",
                "mark": "42",
                "winnerLoserTie": "L"
            },
            {
                "noc": "./country_images/UKR.png",
                "name": "乌克兰",
                "mark": "45",
                "winnerLoserTie": "W"
            }
        ]
    },
    {
        "disciplineName": "拳击",
        "event": "男子57公斤级 - 1/4决赛#182",
        "startDate": "02:00",
        "competitors": [
            {
                "noc": "",
                "name": "",
                "mark": "",
                "winnerLoserTie": ""
            },
            {
                "noc": "",
                "name": "",
                "mark": "",
                "winnerLoserTie": ""
            }
        ]
    },
    {
        "disciplineName": "田径",
        "event": "男子十项全能标枪 - B组#",
        "startDate": "02:10",
        "competitors": [
            {
                "noc": "",
                "name": "",
                "mark": "",
                "winnerLoserTie": ""
            },
            {
                "noc": "",
                "name": "",
                "mark": "",
                "winnerLoserTie": ""
            }
        ]
    },
    {
        "disciplineName": "拳击",
        "event": "男子57公斤级 - 1/4决赛#183",
        "startDate": "02:16",
        "competitors": [
            {
                "noc": "",
                "name": "",
                "mark": "",
                "winnerLoserTie": ""
            },
            {
                "noc": "",
                "name": "",
                "mark": "",
                "winnerLoserTie": ""
            }
        ]
    },
    {
        "disciplineName": "田径",
        "event": "女子三级跳远决赛#",
        "startDate": "02:20",
        "competitors": [
            {
                "noc": "",
                "name": "",
                "mark": "",
                "winnerLoserTie": ""
            },
            {
                "noc": "",
                "name": "",
                "mark": "",
                "winnerLoserTie": ""
            }
        ]
    },
    {
        "disciplineName": "游泳",
        "event": "男子100米蝶泳决赛#",
        "startDate": "02:30",
        "competitors": [
            {
                "noc": "",
                "name": "",
                "mark": "",
                "winnerLoserTie": ""
            },
            {
                "noc": "",
                "name": "",
                "mark": "",
                "winnerLoserTie": ""
            }
        ]
    },
    {
        "disciplineName": "拳击",
        "event": "男子71公斤级 - 1/4决赛#184",
        "startDate": "02:32",
        "competitors": [
            {
                "noc": "",
                "name": "",
                "mark": "",
                "winnerLoserTie": ""
            },
            {
                "noc": "",
                "name": "",
                "mark": "",
                "winnerLoserTie": ""
            }
        ]
    },
    {
        "disciplineName": "游泳",
        "event": "女子50米自由泳半决赛#",
        "startDate": "02:39",
        "competitors": [
            {
                "noc": "",
                "name": "",
                "mark": "",
                "winnerLoserTie": ""
            },
            {
                "noc": "",
                "name": "",
                "mark": "",
                "winnerLoserTie": ""
            }
        ]
    },
    {
        "disciplineName": "拳击",
        "event": "男子71公斤级 - 1/4决赛#185",
        "startDate": "02:48",
        "competitors": [
            {
                "noc": "",
                "name": "",
                "mark": "",
                "winnerLoserTie": ""
            },
            {
                "noc": "",
                "name": "",
                "mark": "",
                "winnerLoserTie": ""
            }
        ]
    },
    {
        "disciplineName": "田径",
        "event": "4x400米混合接力决赛#",
        "startDate": "02:55",
        "competitors": [
            {
                "noc": "",
                "name": "",
                "mark": "",
                "winnerLoserTie": ""
            },
            {
                "noc": "",
                "name": "",
                "mark": "",
                "winnerLoserTie": ""
            }
        ]
    },
    {
        "disciplineName": "手球",
        "event": "女子预赛A组#30",
        "startDate": "03:00",
        "competitors": [
            {
                "noc": "./country_images/DEN.png",
                "name": "丹麦",
                "mark": "28",
                "winnerLoserTie": "W"
            },
            {
                "noc": "./country_images/KOR.png",
                "name": "韩国",
                "mark": "20",
                "winnerLoserTie": "L"
            }
        ]
    },
    {
        "disciplineName": "排球",
        "event": "男子预赛 - A组#18",
        "startDate": "03:00",
        "competitors": [
            {
                "noc": "./country_images/CAN.png",
                "name": "加拿大",
                "mark": "2",
                "winnerLoserTie": "L"
            },
            {
                "noc": "./country_images/SRB.png",
                "name": "塞尔维亚",
                "mark": "3",
                "winnerLoserTie": "W"
            }
        ]
    },
    {
        "disciplineName": "沙滩排球",
        "event": "女子幸运失败者赛#38",
        "startDate": "03:00",
        "competitors": [
            {
                "noc": "./country_images/JPN.png",
                "name": "AKIKO/ISHII",
                "mark": "2",
                "winnerLoserTie": "W"
            },
            {
                "noc": "./country_images/FRA.png",
                "name": "PLACETTE/RICHARD",
                "mark": "0",
                "winnerLoserTie": "L"
            }
        ]
    },
    {
        "disciplineName": "篮球",
        "event": "男子小组赛 - C组#32",
        "startDate": "03:00",
        "competitors": [
            {
                "noc": "./country_images/SRB.png",
                "name": "塞尔维亚",
                "mark": "96",
                "winnerLoserTie": "W"
            },
            {
                "noc": "./country_images/SSD.png",
                "name": "南苏丹",
                "mark": "85",
                "winnerLoserTie": "L"
            }
        ]
    },
    {
        "disciplineName": "足球",
        "event": "女子1/4决赛#19",
        "startDate": "03:00",
        "competitors": [
            {
                "noc": "./country_images/FRA.png",
                "name": "法国",
                "mark": "0",
                "winnerLoserTie": "L"
            },
            {
                "noc": "./country_images/BRA.png",
                "name": "巴西",
                "mark": "1",
                "winnerLoserTie": "W"
            }
        ]
    },
    {
        "disciplineName": "拳击",
        "event": "女子50公斤级 - 1/4决赛#186",
        "startDate": "03:04",
        "competitors": [
            {
                "noc": "",
                "name": "",
                "mark": "",
                "winnerLoserTie": ""
            },
            {
                "noc": "",
                "name": "",
                "mark": "",
                "winnerLoserTie": ""
            }
        ]
    },
    {
        "disciplineName": "水球",
        "event": "男子预赛A组#24",
        "startDate": "03:05",
        "competitors": [
            {
                "noc": "./country_images/ITA.png",
                "name": "意大利",
                "mark": "18",
                "winnerLoserTie": "W"
            },
            {
                "noc": "./country_images/ROU.png",
                "name": "罗马尼亚",
                "mark": "7",
                "winnerLoserTie": "L"
            }
        ]
    },
    {
        "disciplineName": "游泳",
        "event": "女子200米个人混合泳决赛#",
        "startDate": "03:08",
        "competitors": [
            {
                "noc": "",
                "name": "",
                "mark": "",
                "winnerLoserTie": ""
            },
            {
                "noc": "",
                "name": "",
                "mark": "",
                "winnerLoserTie": ""
            }
        ]
    },
    {
        "disciplineName": "拳击",
        "event": "女子50公斤级 - 1/4决赛#187",
        "startDate": "03:20",
        "competitors": [
            {
                "noc": "",
                "name": "",
                "mark": "",
                "winnerLoserTie": ""
            },
            {
                "noc": "",
                "name": "",
                "mark": "",
                "winnerLoserTie": ""
            }
        ]
    },
    {
        "disciplineName": "田径",
        "event": "女子100米决赛#",
        "startDate": "03:20",
        "competitors": [
            {
                "noc": "",
                "name": "",
                "mark": "",
                "winnerLoserTie": ""
            },
            {
                "noc": "",
                "name": "",
                "mark": "",
                "winnerLoserTie": ""
            }
        ]
    },
    {
        "disciplineName": "游泳",
        "event": "女子800米自由泳决赛#",
        "startDate": "03:28",
        "competitors": [
            {
                "noc": "",
                "name": "",
                "mark": "",
                "winnerLoserTie": ""
            },
            {
                "noc": "",
                "name": "",
                "mark": "",
                "winnerLoserTie": ""
            }
        ]
    },
    {
        "disciplineName": "三人篮球",
        "event": "女子晋级附加赛#57",
        "startDate": "03:30",
        "competitors": [
            {
                "noc": "./country_images/CAN.png",
                "name": "加拿大",
                "mark": "21",
                "winnerLoserTie": "W"
            },
            {
                "noc": "./country_images/AUS.png",
                "name": "澳大利亚",
                "mark": "10",
                "winnerLoserTie": "L"
            }
        ]
    },
    {
        "disciplineName": "拳击",
        "event": "女子66公斤级 - 1/4决赛#188",
        "startDate": "03:36",
        "competitors": [
            {
                "noc": "",
                "name": "",
                "mark": "",
                "winnerLoserTie": ""
            },
            {
                "noc": "",
                "name": "",
                "mark": "",
                "winnerLoserTie": ""
            }
        ]
    },
    {
        "disciplineName": "田径",
        "event": "男子十项全能1500米#",
        "startDate": "03:45",
        "competitors": [
            {
                "noc": "",
                "name": "",
                "mark": "",
                "winnerLoserTie": ""
            },
            {
                "noc": "",
                "name": "",
                "mark": "",
                "winnerLoserTie": ""
            }
        ]
    },
    {
        "disciplineName": "拳击",
        "event": "女子66公斤级 - 1/4决赛#189",
        "startDate": "03:52",
        "competitors": [
            {
                "noc": "",
                "name": "",
                "mark": "",
                "winnerLoserTie": ""
            },
            {
                "noc": "",
                "name": "",
                "mark": "",
                "winnerLoserTie": ""
            }
        ]
    },
    {
        "disciplineName": "游泳",
        "event": "男女混合4x100米混合泳接力决赛#",
        "startDate": "03:58",
        "competitors": [
            {
                "noc": "",
                "name": "",
                "mark": "",
                "winnerLoserTie": ""
            },
            {
                "noc": "",
                "name": "",
                "mark": "",
                "winnerLoserTie": ""
            }
        ]
    },
    {
        "disciplineName": "沙滩排球",
        "event": "女子幸运失败者赛#37",
        "startDate": "04:00",
        "competitors": [
            {
                "noc": "./country_images/CAN.png",
                "name": "MELISSA/BRANDIE",
                "mark": "2",
                "winnerLoserTie": "W"
            },
            {
                "noc": "./country_images/CZE.png",
                "name": "HERMANNOVA/STOCHLOVA",
                "mark": "0",
                "winnerLoserTie": "L"
            }
        ]
    },
    {
        "disciplineName": "三人篮球",
        "event": "女子晋级附加赛#59",
        "startDate": "04:05",
        "competitors": [
            {
                "noc": "./country_images/USA.png",
                "name": "美国",
                "mark": "21",
                "winnerLoserTie": "W"
            },
            {
                "noc": "./country_images/CHN.png",
                "name": "中国",
                "mark": "13",
                "winnerLoserTie": "L"
            }
        ]
    },
    {
        "disciplineName": "拳击",
        "event": "女子60公斤级 - 半决赛#190",
        "startDate": "04:08",
        "competitors": [
            {
                "noc": "",
                "name": "",
                "mark": "",
                "winnerLoserTie": ""
            },
            {
                "noc": "",
                "name": "",
                "mark": "",
                "winnerLoserTie": ""
            }
        ]
    },
    {
        "disciplineName": "沙滩排球",
        "event": "男子幸运失败者赛#37",
        "startDate": "05:00",
        "competitors": [
            {
                "noc": "./country_images/AUS.png",
                "name": "HODGES/SCHUBERT",
                "mark": "0",
                "winnerLoserTie": "L"
            },
            {
                "noc": "./country_images/USA.png",
                "name": "EVANS/BUDINGER",
                "mark": "2",
                "winnerLoserTie": "W"
            }
        ]
    },
    {
        "disciplineName": "羽毛球",
        "event": "女子单打半决赛#",
        "startDate": "14:30",
        "competitors": [
            {
                "noc": "",
                "name": "",
                "mark": "",
                "winnerLoserTie": ""
            },
            {
                "noc": "",
                "name": "",
                "mark": "",
                "winnerLoserTie": ""
            }
        ]
    },
    {
        "disciplineName": "射击",
        "event": "男子25米手枪速射资格赛第1轮#",
        "startDate": "15:00",
        "competitors": [
            {
                "noc": "",
                "name": "",
                "mark": "",
                "winnerLoserTie": ""
            },
            {
                "noc": "",
                "name": "",
                "mark": "",
                "winnerLoserTie": ""
            }
        ]
    },
    {
        "disciplineName": "射击",
        "event": "混合团体双向飞碟赛前训练#",
        "startDate": "15:00",
        "competitors": [
            {
                "noc": "",
                "name": "",
                "mark": "",
                "winnerLoserTie": ""
            },
            {
                "noc": "",
                "name": "",
                "mark": "",
                "winnerLoserTie": ""
            }
        ]
    },
    {
        "disciplineName": "手球",
        "event": "男子预赛A组#25",
        "startDate": "15:00",
        "competitors": [
            {
                "noc": "./country_images/SWE.png",
                "name": "瑞典",
                "mark": "40",
                "winnerLoserTie": "W"
            },
            {
                "noc": "./country_images/JPN.png",
                "name": "日本",
                "mark": "27",
                "winnerLoserTie": "L"
            }
        ]
    },
    {
        "disciplineName": "排球",
        "event": "女子预赛 - C组#15",
        "startDate": "15:00",
        "competitors": [
            {
                "noc": "./country_images/ITA.png",
                "name": "意大利",
                "mark": "3",
                "winnerLoserTie": "W"
            },
            {
                "noc": "./country_images/TUR.png",
                "name": "土耳其",
                "mark": "0",
                "winnerLoserTie": "L"
            }
        ]
    },
    {
        "disciplineName": "沙滩排球",
        "event": "女子16强赛#42",
        "startDate": "15:00",
        "competitors": [
            {
                "noc": "./country_images/CHN.png",
                "name": "XUE/X.Y.XIA",
                "mark": "0",
                "winnerLoserTie": "L"
            },
            {
                "noc": "./country_images/SUI.png",
                "name": "ESMEE/ZOE",
                "mark": "2",
                "winnerLoserTie": "W"
            }
        ]
    },
    {
        "disciplineName": "高尔夫",
        "event": "男子第4回合#",
        "startDate": "15:00",
        "competitors": [
            {
                "noc": "",
                "name": "",
                "mark": "",
                "winnerLoserTie": ""
            },
            {
                "noc": "",
                "name": "",
                "mark": "",
                "winnerLoserTie": ""
            }
        ]
    },
    {
        "disciplineName": "射击",
        "event": "女子双向飞碟资格赛 - 第2天#",
        "startDate": "15:30",
        "competitors": [
            {
                "noc": "",
                "name": "",
                "mark": "",
                "winnerLoserTie": ""
            },
            {
                "noc": "",
                "name": "",
                "mark": "",
                "winnerLoserTie": ""
            }
        ]
    },
    {
        "disciplineName": "射箭",
        "event": "男子个人1/8淘汰赛#161",
        "startDate": "15:30",
        "competitors": [
            {
                "noc": "",
                "name": "",
                "mark": "",
                "winnerLoserTie": ""
            },
            {
                "noc": "",
                "name": "",
                "mark": "",
                "winnerLoserTie": ""
            }
        ]
    },
    {
        "disciplineName": "羽毛球",
        "event": "女子单打半决赛#",
        "startDate": "15:40",
        "competitors": [
            {
                "noc": "",
                "name": "",
                "mark": "",
                "winnerLoserTie": ""
            },
            {
                "noc": "",
                "name": "",
                "mark": "",
                "winnerLoserTie": ""
            }
        ]
    },
    {
        "disciplineName": "射箭",
        "event": "男子个人1/8淘汰赛#162",
        "startDate": "15:43",
        "competitors": [
            {
                "noc": "",
                "name": "",
                "mark": "",
                "winnerLoserTie": ""
            },
            {
                "noc": "",
                "name": "",
                "mark": "",
                "winnerLoserTie": ""
            }
        ]
    },
    {
        "disciplineName": "射箭",
        "event": "男子个人1/8淘汰赛#163",
        "startDate": "15:56",
        "competitors": [
            {
                "noc": "",
                "name": "",
                "mark": "",
                "winnerLoserTie": ""
            },
            {
                "noc": "",
                "name": "",
                "mark": "",
                "winnerLoserTie": ""
            }
        ]
    },
    {
        "disciplineName": "曲棍球",
        "event": "男子1/4决赛#M32",
        "startDate": "16:00",
        "competitors": [
            {
                "noc": "./country_images/IND.png",
                "name": "印度",
                "mark": "1",
                "winnerLoserTie": "W"
            },
            {
                "noc": "./country_images/GBR.png",
                "name": "英国",
                "mark": "1",
                "winnerLoserTie": "L"
            }
        ]
    },
    {
        "disciplineName": "沙滩排球",
        "event": "男子16强赛#43",
        "startDate": "16:00",
        "competitors": [
            {
                "noc": "./country_images/GER.png",
                "name": "EHLERS/WICKLER",
                "mark": "2",
                "winnerLoserTie": "W"
            },
            {
                "noc": "./country_images/BRA.png",
                "name": "GEORGE/ANDRE",
                "mark": "0",
                "winnerLoserTie": "L"
            }
        ]
    },
    {
        "disciplineName": "马术",
        "event": "个人盛装舞步音乐自由演绎大奖赛#",
        "startDate": "16:00",
        "competitors": [
            {
                "noc": "",
                "name": "",
                "mark": "",
                "winnerLoserTie": ""
            },
            {
                "noc": "",
                "name": "",
                "mark": "",
                "winnerLoserTie": ""
            }
        ]
    },
    {
        "disciplineName": "田径",
        "event": "女子3000米障碍赛第1轮#",
        "startDate": "16:05",
        "competitors": [
            {
                "noc": "",
                "name": "",
                "mark": "",
                "winnerLoserTie": ""
            },
            {
                "noc": "",
                "name": "",
                "mark": "",
                "winnerLoserTie": ""
            }
        ]
    },
    {
        "disciplineName": "射箭",
        "event": "男子个人1/8淘汰赛#164",
        "startDate": "16:09",
        "competitors": [
            {
                "noc": "",
                "name": "",
                "mark": "",
                "winnerLoserTie": ""
            },
            {
                "noc": "",
                "name": "",
                "mark": "",
                "winnerLoserTie": ""
            }
        ]
    },
    {
        "disciplineName": "田径",
        "event": "女子链球资格赛 - A组#",
        "startDate": "16:20",
        "competitors": [
            {
                "noc": "",
                "name": "",
                "mark": "",
                "winnerLoserTie": ""
            },
            {
                "noc": "",
                "name": "",
                "mark": "",
                "winnerLoserTie": ""
            }
        ]
    },
    {
        "disciplineName": "射箭",
        "event": "男子个人1/8淘汰赛#165",
        "startDate": "16:22",
        "competitors": [
            {
                "noc": "",
                "name": "",
                "mark": "",
                "winnerLoserTie": ""
            },
            {
                "noc": "",
                "name": "",
                "mark": "",
                "winnerLoserTie": ""
            }
        ]
    },
    {
        "disciplineName": "射箭",
        "event": "男子个人1/8淘汰赛#166",
        "startDate": "16:35",
        "competitors": [
            {
                "noc": "",
                "name": "",
                "mark": "",
                "winnerLoserTie": ""
            },
            {
                "noc": "",
                "name": "",
                "mark": "",
                "winnerLoserTie": ""
            }
        ]
    },
    {
        "disciplineName": "射箭",
        "event": "男子个人1/8淘汰赛#167",
        "startDate": "16:48",
        "competitors": [
            {
                "noc": "",
                "name": "",
                "mark": "",
                "winnerLoserTie": ""
            },
            {
                "noc": "",
                "name": "",
                "mark": "",
                "winnerLoserTie": ""
            }
        ]
    },
    {
        "disciplineName": "羽毛球",
        "event": "男子单打半决赛#",
        "startDate": "16:50",
        "competitors": [
            {
                "noc": "",
                "name": "",
                "mark": "",
                "winnerLoserTie": ""
            },
            {
                "noc": "",
                "name": "",
                "mark": "",
                "winnerLoserTie": ""
            }
        ]
    },
    {
        "disciplineName": "田径",
        "event": "女子200米第1轮#",
        "startDate": "16:55",
        "competitors": [
            {
                "noc": "",
                "name": "",
                "mark": "",
                "winnerLoserTie": ""
            },
            {
                "noc": "",
                "name": "",
                "mark": "",
                "winnerLoserTie": ""
            }
        ]
    },
    {
        "disciplineName": "手球",
        "event": "男子预赛B组#26",
        "startDate": "17:00",
        "competitors": [
            {
                "noc": "./country_images/EGY.png",
                "name": "埃及",
                "mark": "34",
                "winnerLoserTie": "W"
            },
            {
                "noc": "./country_images/ARG.png",
                "name": "阿根廷",
                "mark": "27",
                "winnerLoserTie": "L"
            }
        ]
    },
    {
        "disciplineName": "拳击",
        "event": "女子57公斤级 - 1/4决赛#191",
        "startDate": "17:00",
        "competitors": [
            {
                "noc": "",
                "name": "",
                "mark": "",
                "winnerLoserTie": ""
            },
            {
                "noc": "",
                "name": "",
                "mark": "",
                "winnerLoserTie": ""
            }
        ]
    },
    {
        "disciplineName": "田径",
        "event": "男子跳远资格赛#",
        "startDate": "17:00",
        "competitors": [
            {
                "noc": "",
                "name": "",
                "mark": "",
                "winnerLoserTie": ""
            },
            {
                "noc": "",
                "name": "",
                "mark": "",
                "winnerLoserTie": ""
            }
        ]
    },
    {
        "disciplineName": "篮球",
        "event": "女子小组赛 - C组#33",
        "startDate": "17:00",
        "competitors": [
            {
                "noc": "./country_images/JPN.png",
                "name": "日本",
                "mark": "58",
                "winnerLoserTie": "L"
            },
            {
                "noc": "./country_images/BEL.png",
                "name": "比利时",
                "mark": "85",
                "winnerLoserTie": "W"
            }
        ]
    },
    {
        "disciplineName": "射箭",
        "event": "男子个人1/8淘汰赛#168",
        "startDate": "17:01",
        "competitors": [
            {
                "noc": "",
                "name": "",
                "mark": "",
                "winnerLoserTie": ""
            },
            {
                "noc": "",
                "name": "",
                "mark": "",
                "winnerLoserTie": ""
            }
        ]
    },
    {
        "disciplineName": "拳击",
        "event": "女子57公斤级 - 1/4决赛#192",
        "startDate": "17:16",
        "competitors": [
            {
                "noc": "",
                "name": "",
                "mark": "",
                "winnerLoserTie": ""
            },
            {
                "noc": "",
                "name": "",
                "mark": "",
                "winnerLoserTie": ""
            }
        ]
    },
    {
        "disciplineName": "拳击",
        "event": "女子75公斤级 - 1/4决赛#193",
        "startDate": "17:32",
        "competitors": [
            {
                "noc": "",
                "name": "",
                "mark": "",
                "winnerLoserTie": ""
            },
            {
                "noc": "",
                "name": "",
                "mark": "",
                "winnerLoserTie": ""
            }
        ]
    },
    {
        "disciplineName": "田径",
        "event": "女子链球资格赛 - B组#",
        "startDate": "17:45",
        "competitors": [
            {
                "noc": "",
                "name": "",
                "mark": "",
                "winnerLoserTie": ""
            },
            {
                "noc": "",
                "name": "",
                "mark": "",
                "winnerLoserTie": ""
            }
        ]
    },
    {
        "disciplineName": "拳击",
        "event": "女子75公斤级 - 1/4决赛#194",
        "startDate": "17:48",
        "competitors": [
            {
                "noc": "",
                "name": "",
                "mark": "",
                "winnerLoserTie": ""
            },
            {
                "noc": "",
                "name": "",
                "mark": "",
                "winnerLoserTie": ""
            }
        ]
    },
    {
        "disciplineName": "击剑",
        "event": "男子团体花剑8强#",
        "startDate": "17:50",
        "competitors": [
            {
                "noc": "./country_images/CAN.png",
                "name": "加拿大",
                "mark": "26",
                "winnerLoserTie": "L"
            },
            {
                "noc": "./country_images/JPN.png",
                "name": "日本",
                "mark": "45",
                "winnerLoserTie": "W"
            }
        ]
    },
    {
        "disciplineName": "击剑",
        "event": "男子团体花剑8强#",
        "startDate": "17:50",
        "competitors": [
            {
                "noc": "./country_images/CHN.png",
                "name": "中国",
                "mark": "35",
                "winnerLoserTie": "L"
            },
            {
                "noc": "./country_images/FRA.png",
                "name": "法国",
                "mark": "45",
                "winnerLoserTie": "W"
            }
        ]
    },
    {
        "disciplineName": "击剑",
        "event": "男子团体花剑8强#",
        "startDate": "17:50",
        "competitors": [
            {
                "noc": "./country_images/EGY.png",
                "name": "埃及",
                "mark": "35",
                "winnerLoserTie": "L"
            },
            {
                "noc": "./country_images/USA.png",
                "name": "美国",
                "mark": "45",
                "winnerLoserTie": "W"
            }
        ]
    },
    {
        "disciplineName": "击剑",
        "event": "男子团体花剑8强#",
        "startDate": "17:50",
        "competitors": [
            {
                "noc": "./country_images/ITA.png",
                "name": "意大利",
                "mark": "45",
                "winnerLoserTie": "W"
            },
            {
                "noc": "./country_images/POL.png",
                "name": "波兰",
                "mark": "39",
                "winnerLoserTie": "L"
            }
        ]
    },
    {
        "disciplineName": "田径",
        "event": "男子110米跨栏第1轮#",
        "startDate": "17:50",
        "competitors": [
            {
                "noc": "",
                "name": "",
                "mark": "",
                "winnerLoserTie": ""
            },
            {
                "noc": "",
                "name": "",
                "mark": "",
                "winnerLoserTie": ""
            }
        ]
    },
    {
        "disciplineName": "网球",
        "event": "女子双打铜牌赛#",
        "startDate": "18:00",
        "competitors": [
            {
                "noc": "",
                "name": "",
                "mark": "",
                "winnerLoserTie": ""
            },
            {
                "noc": "",
                "name": "",
                "mark": "",
                "winnerLoserTie": ""
            }
        ]
    },
    {
        "disciplineName": "网球",
        "event": "男子单打金牌赛#",
        "startDate": "18:00",
        "competitors": [
            {
                "noc": "",
                "name": "",
                "mark": "",
                "winnerLoserTie": ""
            },
            {
                "noc": "",
                "name": "",
                "mark": "",
                "winnerLoserTie": ""
            }
        ]
    },
    {
        "disciplineName": "网球",
        "event": "女子双打金牌赛#",
        "startDate": "18:00",
        "competitors": [
            {
                "noc": "",
                "name": "",
                "mark": "",
                "winnerLoserTie": ""
            },
            {
                "noc": "",
                "name": "",
                "mark": "",
                "winnerLoserTie": ""
            }
        ]
    },
    {
        "disciplineName": "羽毛球",
        "event": "男子单打半决赛#",
        "startDate": "18:00",
        "competitors": [
            {
                "noc": "",
                "name": "",
                "mark": "",
                "winnerLoserTie": ""
            },
            {
                "noc": "",
                "name": "",
                "mark": "",
                "winnerLoserTie": ""
            }
        ]
    },
    {
        "disciplineName": "拳击",
        "event": "女子54公斤级 - 半决赛#195",
        "startDate": "18:04",
        "competitors": [
            {
                "noc": "",
                "name": "",
                "mark": "",
                "winnerLoserTie": ""
            },
            {
                "noc": "",
                "name": "",
                "mark": "",
                "winnerLoserTie": ""
            }
        ]
    },
    {
        "disciplineName": "帆船",
        "event": "男子帆船激光级- 比赛07#",
        "startDate": "18:05",
        "competitors": [
            {
                "noc": "",
                "name": "",
                "mark": "",
                "winnerLoserTie": ""
            },
            {
                "noc": "",
                "name": "",
                "mark": "",
                "winnerLoserTie": ""
            }
        ]
    },
    {
        "disciplineName": "帆船",
        "event": "男女混合帆船470级 - 比赛05#",
        "startDate": "18:05",
        "competitors": [
            {
                "noc": "",
                "name": "",
                "mark": "",
                "winnerLoserTie": ""
            },
            {
                "noc": "",
                "name": "",
                "mark": "",
                "winnerLoserTie": ""
            }
        ]
    },
    {
        "disciplineName": "帆船",
        "event": "男子水翼风筝板 - 比赛01#",
        "startDate": "18:13",
        "competitors": [
            {
                "noc": "",
                "name": "",
                "mark": "",
                "winnerLoserTie": ""
            },
            {
                "noc": "",
                "name": "",
                "mark": "",
                "winnerLoserTie": ""
            }
        ]
    },
    {
        "disciplineName": "拳击",
        "event": "男子51公斤级 - 半决赛#196",
        "startDate": "18:20",
        "competitors": [
            {
                "noc": "",
                "name": "",
                "mark": "",
                "winnerLoserTie": ""
            },
            {
                "noc": "",
                "name": "",
                "mark": "",
                "winnerLoserTie": ""
            }
        ]
    },
    {
        "disciplineName": "曲棍球",
        "event": "男子1/4决赛#M34",
        "startDate": "18:30",
        "competitors": [
            {
                "noc": "./country_images/BEL.png",
                "name": "比利时",
                "mark": "2",
                "winnerLoserTie": "L"
            },
            {
                "noc": "./country_images/ESP.png",
                "name": "西班牙",
                "mark": "3",
                "winnerLoserTie": "W"
            }
        ]
    },
    {
        "disciplineName": "帆船",
        "event": "女子水翼风筝板 - 比赛01#",
        "startDate": "18:33",
        "competitors": [
            {
                "noc": "",
                "name": "",
                "mark": "",
                "winnerLoserTie": ""
            },
            {
                "noc": "",
                "name": "",
                "mark": "",
                "winnerLoserTie": ""
            }
        ]
    },
    {
        "disciplineName": "田径",
        "event": "女子400米跨栏第1轮#",
        "startDate": "18:35",
        "competitors": [
            {
                "noc": "",
                "name": "",
                "mark": "",
                "winnerLoserTie": ""
            },
            {
                "noc": "",
                "name": "",
                "mark": "",
                "winnerLoserTie": ""
            }
        ]
    },
    {
        "disciplineName": "拳击",
        "event": "男子63.5公斤级 - 半决赛#197",
        "startDate": "18:36",
        "competitors": [
            {
                "noc": "",
                "name": "",
                "mark": "",
                "winnerLoserTie": ""
            },
            {
                "noc": "",
                "name": "",
                "mark": "",
                "winnerLoserTie": ""
            }
        ]
    },
    {
        "disciplineName": "帆船",
        "event": "男子水翼风筝板 - 比赛02#",
        "startDate": "18:38",
        "competitors": [
            {
                "noc": "",
                "name": "",
                "mark": "",
                "winnerLoserTie": ""
            },
            {
                "noc": "",
                "name": "",
                "mark": "",
                "winnerLoserTie": ""
            }
        ]
    },
    {
        "disciplineName": "拳击",
        "event": "男子80公斤级 - 半决赛#198",
        "startDate": "18:52",
        "competitors": [
            {
                "noc": "",
                "name": "",
                "mark": "",
                "winnerLoserTie": ""
            },
            {
                "noc": "",
                "name": "",
                "mark": "",
                "winnerLoserTie": ""
            }
        ]
    },
    {
        "disciplineName": "帆船",
        "event": "女子水翼风筝板 - 比赛02#",
        "startDate": "18:58",
        "competitors": [
            {
                "noc": "",
                "name": "",
                "mark": "",
                "winnerLoserTie": ""
            },
            {
                "noc": "",
                "name": "",
                "mark": "",
                "winnerLoserTie": ""
            }
        ]
    },
    {
        "disciplineName": "射击",
        "event": "男子25米手枪速射资格赛第2轮#",
        "startDate": "19:00",
        "competitors": [
            {
                "noc": "",
                "name": "",
                "mark": "",
                "winnerLoserTie": ""
            },
            {
                "noc": "",
                "name": "",
                "mark": "",
                "winnerLoserTie": ""
            }
        ]
    },
    {
        "disciplineName": "射箭",
        "event": "男子个人1/4决赛#169",
        "startDate": "19:00",
        "competitors": [
            {
                "noc": "",
                "name": "",
                "mark": "",
                "winnerLoserTie": ""
            },
            {
                "noc": "",
                "name": "",
                "mark": "",
                "winnerLoserTie": ""
            }
        ]
    },
    {
        "disciplineName": "排球",
        "event": "女子预赛 - A组#16",
        "startDate": "19:00",
        "competitors": [
            {
                "noc": "./country_images/FRA.png",
                "name": "法国",
                "mark": "0",
                "winnerLoserTie": "L"
            },
            {
                "noc": "./country_images/USA.png",
                "name": "美国",
                "mark": "3",
                "winnerLoserTie": "W"
            }
        ]
    },
    {
        "disciplineName": "沙滩排球",
        "event": "男子16强赛#44",
        "startDate": "19:00",
        "competitors": [
            {
                "noc": "./country_images/CZE.png",
                "name": "PERUSIC/SCHWEINER",
                "mark": "0",
                "winnerLoserTie": "L"
            },
            {
                "noc": "./country_images/NED.png",
                "name": "BOERMANS/DE GROOT",
                "mark": "2",
                "winnerLoserTie": "W"
            }
        ]
    },
    {
        "disciplineName": "帆船",
        "event": "男子水翼风筝板 - 比赛03#",
        "startDate": "19:03",
        "competitors": [
            {
                "noc": "",
                "name": "",
                "mark": "",
                "winnerLoserTie": ""
            },
            {
                "noc": "",
                "name": "",
                "mark": "",
                "winnerLoserTie": ""
            }
        ]
    },
    {
        "disciplineName": "拳击",
        "event": "男子92公斤级 - 半决赛#199",
        "startDate": "19:08",
        "competitors": [
            {
                "noc": "",
                "name": "",
                "mark": "",
                "winnerLoserTie": ""
            },
            {
                "noc": "",
                "name": "",
                "mark": "",
                "winnerLoserTie": ""
            }
        ]
    },
    {
        "disciplineName": "帆船",
        "event": "男女混合帆船470级 - 比赛06#",
        "startDate": "19:12",
        "competitors": [
            {
                "noc": "",
                "name": "",
                "mark": "",
                "winnerLoserTie": ""
            },
            {
                "noc": "",
                "name": "",
                "mark": "",
                "winnerLoserTie": ""
            }
        ]
    },
    {
        "disciplineName": "射箭",
        "event": "男子个人1/4决赛#170",
        "startDate": "19:13",
        "competitors": [
            {
                "noc": "",
                "name": "",
                "mark": "",
                "winnerLoserTie": ""
            },
            {
                "noc": "",
                "name": "",
                "mark": "",
                "winnerLoserTie": ""
            }
        ]
    },
    {
        "disciplineName": "帆船",
        "event": "男子帆船激光级- 比赛08#",
        "startDate": "19:13",
        "competitors": [
            {
                "noc": "",
                "name": "",
                "mark": "",
                "winnerLoserTie": ""
            },
            {
                "noc": "",
                "name": "",
                "mark": "",
                "winnerLoserTie": ""
            }
        ]
    },
    {
        "disciplineName": "帆船",
        "event": "女子水翼风筝板 - 比赛03#",
        "startDate": "19:23",
        "competitors": [
            {
                "noc": "",
                "name": "",
                "mark": "",
                "winnerLoserTie": ""
            },
            {
                "noc": "",
                "name": "",
                "mark": "",
                "winnerLoserTie": ""
            }
        ]
    },
    {
        "disciplineName": "射箭",
        "event": "男子个人1/4决赛#171",
        "startDate": "19:26",
        "competitors": [
            {
                "noc": "",
                "name": "",
                "mark": "",
                "winnerLoserTie": ""
            },
            {
                "noc": "",
                "name": "",
                "mark": "",
                "winnerLoserTie": ""
            }
        ]
    },
    {
        "disciplineName": "帆船",
        "event": "男子水翼风筝板 - 比赛04#",
        "startDate": "19:28",
        "competitors": [
            {
                "noc": "",
                "name": "",
                "mark": "",
                "winnerLoserTie": ""
            },
            {
                "noc": "",
                "name": "",
                "mark": "",
                "winnerLoserTie": ""
            }
        ]
    },
    {
        "disciplineName": "乒乓球",
        "event": "男子单打铜牌赛#66",
        "startDate": "19:30",
        "competitors": [
            {
                "noc": "",
                "name": "",
                "mark": "",
                "winnerLoserTie": ""
            },
            {
                "noc": "",
                "name": "",
                "mark": "",
                "winnerLoserTie": ""
            }
        ]
    },
    {
        "disciplineName": "篮球",
        "event": "女子小组赛 - B组#34",
        "startDate": "19:30",
        "competitors": [
            {
                "noc": "./country_images/CAN.png",
                "name": "加拿大",
                "mark": "70",
                "winnerLoserTie": "L"
            },
            {
                "noc": "./country_images/NGR.png",
                "name": "尼日利亚",
                "mark": "79",
                "winnerLoserTie": "W"
            }
        ]
    },
    {
        "disciplineName": "射箭",
        "event": "男子个人1/4决赛#172",
        "startDate": "19:39",
        "competitors": [
            {
                "noc": "",
                "name": "",
                "mark": "",
                "winnerLoserTie": ""
            },
            {
                "noc": "",
                "name": "",
                "mark": "",
                "winnerLoserTie": ""
            }
        ]
    },
    {
        "disciplineName": "击剑",
        "event": "男子团体花剑5-8名排名赛#",
        "startDate": "19:40",
        "competitors": [
            {
                "noc": "./country_images/CHN.png",
                "name": "中国",
                "mark": "45",
                "winnerLoserTie": "W"
            },
            {
                "noc": "./country_images/CAN.png",
                "name": "加拿大",
                "mark": "32",
                "winnerLoserTie": "L"
            }
        ]
    },
    {
        "disciplineName": "击剑",
        "event": "男子团体花剑5-8名排名赛#",
        "startDate": "19:40",
        "competitors": [
            {
                "noc": "./country_images/EGY.png",
                "name": "埃及",
                "mark": "36",
                "winnerLoserTie": "L"
            },
            {
                "noc": "./country_images/POL.png",
                "name": "波兰",
                "mark": "45",
                "winnerLoserTie": "W"
            }
        ]
    },
    {
        "disciplineName": "帆船",
        "event": "女子水翼风筝板 - 比赛04#",
        "startDate": "19:48",
        "competitors": [
            {
                "noc": "",
                "name": "",
                "mark": "",
                "winnerLoserTie": ""
            },
            {
                "noc": "",
                "name": "",
                "mark": "",
                "winnerLoserTie": ""
            }
        ]
    },
    {
        "disciplineName": "射箭",
        "event": "男子个人半决赛#173",
        "startDate": "19:52",
        "competitors": [
            {
                "noc": "",
                "name": "",
                "mark": "",
                "winnerLoserTie": ""
            },
            {
                "noc": "",
                "name": "",
                "mark": "",
                "winnerLoserTie": ""
            }
        ]
    },
    {
        "disciplineName": "公路自行车",
        "event": "女子公路赛#",
        "startDate": "20:00",
        "competitors": [
            {
                "noc": "",
                "name": "",
                "mark": "",
                "winnerLoserTie": ""
            },
            {
                "noc": "",
                "name": "",
                "mark": "",
                "winnerLoserTie": ""
            }
        ]
    },
    {
        "disciplineName": "手球",
        "event": "男子预赛A组#27",
        "startDate": "20:00",
        "competitors": [
            {
                "noc": "./country_images/GER.png",
                "name": "德国",
                "mark": "36",
                "winnerLoserTie": "W"
            },
            {
                "noc": "./country_images/SLO.png",
                "name": "斯洛文尼亚",
                "mark": "29",
                "winnerLoserTie": "L"
            }
        ]
    },
    {
        "disciplineName": "水球",
        "event": "女子预赛A组#17",
        "startDate": "20:00",
        "competitors": [
            {
                "noc": "./country_images/HUN.png",
                "name": "匈牙利",
                "mark": "12",
                "winnerLoserTie": "L"
            },
            {
                "noc": "./country_images/AUS.png",
                "name": "澳大利亚",
                "mark": "14",
                "winnerLoserTie": "W"
            }
        ]
    },
    {
        "disciplineName": "沙滩排球",
        "event": "男子16强赛#42",
        "startDate": "20:00",
        "competitors": [
            {
                "noc": "./country_images/SWE.png",
                "name": "AHMAN/HELLVIG",
                "mark": "2",
                "winnerLoserTie": "W"
            },
            {
                "noc": "./country_images/CUB.png",
                "name": "DIAZ/ALAYO",
                "mark": "1",
                "winnerLoserTie": "L"
            }
        ]
    },
    {
        "disciplineName": "射箭",
        "event": "男子个人半决赛#174",
        "startDate": "20:05",
        "competitors": [
            {
                "noc": "",
                "name": "",
                "mark": "",
                "winnerLoserTie": ""
            },
            {
                "noc": "",
                "name": "",
                "mark": "",
                "winnerLoserTie": ""
            }
        ]
    },
    {
        "disciplineName": "乒乓球",
        "event": "男子单打金牌赛#67",
        "startDate": "20:30",
        "competitors": [
            {
                "noc": "",
                "name": "",
                "mark": "",
                "winnerLoserTie": ""
            },
            {
                "noc": "",
                "name": "",
                "mark": "",
                "winnerLoserTie": ""
            }
        ]
    },
    {
        "disciplineName": "射箭",
        "event": "男子个人铜牌赛#175",
        "startDate": "20:33",
        "competitors": [
            {
                "noc": "",
                "name": "",
                "mark": "",
                "winnerLoserTie": ""
            },
            {
                "noc": "",
                "name": "",
                "mark": "",
                "winnerLoserTie": ""
            }
        ]
    },
    {
        "disciplineName": "帆船",
        "event": "女子帆船激光雷迪尔级 - 比赛07#",
        "startDate": "20:35",
        "competitors": [
            {
                "noc": "",
                "name": "",
                "mark": "",
                "winnerLoserTie": ""
            },
            {
                "noc": "",
                "name": "",
                "mark": "",
                "winnerLoserTie": ""
            }
        ]
    },
    {
        "disciplineName": "射箭",
        "event": "男子个人金牌赛#176",
        "startDate": "20:46",
        "competitors": [
            {
                "noc": "",
                "name": "",
                "mark": "",
                "winnerLoserTie": ""
            },
            {
                "noc": "",
                "name": "",
                "mark": "",
                "winnerLoserTie": ""
            }
        ]
    },
    {
        "disciplineName": "击剑",
        "event": "男子团体花剑半决赛1#",
        "startDate": "20:50",
        "competitors": [
            {
                "noc": "./country_images/JPN.png",
                "name": "日本",
                "mark": "45",
                "winnerLoserTie": "W"
            },
            {
                "noc": "./country_images/FRA.png",
                "name": "法国",
                "mark": "37",
                "winnerLoserTie": "L"
            }
        ]
    },
    {
        "disciplineName": "击剑",
        "event": "男子团体花剑半决赛2#",
        "startDate": "20:50",
        "competitors": [
            {
                "noc": "./country_images/ITA.png",
                "name": "意大利",
                "mark": "45",
                "winnerLoserTie": "W"
            },
            {
                "noc": "./country_images/USA.png",
                "name": "美国",
                "mark": "38",
                "winnerLoserTie": "L"
            }
        ]
    },
    {
        "disciplineName": "竞技体操",
        "event": "男子吊环决赛#",
        "startDate": "21:00",
        "competitors": [
            {
                "noc": "",
                "name": "",
                "mark": "",
                "winnerLoserTie": ""
            },
            {
                "noc": "",
                "name": "",
                "mark": "",
                "winnerLoserTie": ""
            }
        ]
    },
    {
        "disciplineName": "羽毛球",
        "event": "男子双打铜牌赛#",
        "startDate": "21:00",
        "competitors": [
            {
                "noc": "",
                "name": "",
                "mark": "",
                "winnerLoserTie": ""
            },
            {
                "noc": "",
                "name": "",
                "mark": "",
                "winnerLoserTie": ""
            }
        ]
    },
    {
        "disciplineName": "射击",
        "event": "女子双向飞碟决赛#",
        "startDate": "21:30",
        "competitors": [
            {
                "noc": "",
                "name": "",
                "mark": "",
                "winnerLoserTie": ""
            },
            {
                "noc": "",
                "name": "",
                "mark": "",
                "winnerLoserTie": ""
            }
        ]
    },
    {
        "disciplineName": "拳击",
        "event": "女子57公斤级 - 1/4决赛#200",
        "startDate": "21:30",
        "competitors": [
            {
                "noc": "",
                "name": "",
                "mark": "",
                "winnerLoserTie": ""
            },
            {
                "noc": "",
                "name": "",
                "mark": "",
                "winnerLoserTie": ""
            }
        ]
    },
    {
        "disciplineName": "皮划艇激流回旋",
        "event": "男子极限皮艇预赛#",
        "startDate": "21:30",
        "competitors": [
            {
                "noc": "",
                "name": "",
                "mark": "",
                "winnerLoserTie": ""
            },
            {
                "noc": "",
                "name": "",
                "mark": "",
                "winnerLoserTie": ""
            }
        ]
    },
    {
        "disciplineName": "水球",
        "event": "女子预赛B组#18",
        "startDate": "21:35",
        "competitors": [
            {
                "noc": "./country_images/ITA.png",
                "name": "意大利",
                "mark": "11",
                "winnerLoserTie": "L"
            },
            {
                "noc": "./country_images/ESP.png",
                "name": "西班牙",
                "mark": "13",
                "winnerLoserTie": "W"
            }
        ]
    },
    {
        "disciplineName": "竞技体操",
        "event": "女子高低杠决赛#",
        "startDate": "21:40",
        "competitors": [
            {
                "noc": "",
                "name": "",
                "mark": "",
                "winnerLoserTie": ""
            },
            {
                "noc": "",
                "name": "",
                "mark": "",
                "winnerLoserTie": ""
            }
        ]
    },
    {
        "disciplineName": "帆船",
        "event": "女子帆船激光雷迪尔级 - 比赛08#",
        "startDate": "21:45",
        "competitors": [
            {
                "noc": "",
                "name": "",
                "mark": "",
                "winnerLoserTie": ""
            },
            {
                "noc": "",
                "name": "",
                "mark": "",
                "winnerLoserTie": ""
            }
        ]
    },
    {
        "disciplineName": "帆船",
        "event": "男女混合帆船诺卡拉17级 - 比赛04#",
        "startDate": "21:45",
        "competitors": [
            {
                "noc": "",
                "name": "",
                "mark": "",
                "winnerLoserTie": ""
            },
            {
                "noc": "",
                "name": "",
                "mark": "",
                "winnerLoserTie": ""
            }
        ]
    },
    {
        "disciplineName": "拳击",
        "event": "女子57公斤级 - 1/4决赛#201",
        "startDate": "21:46",
        "competitors": [
            {
                "noc": "",
                "name": "",
                "mark": "",
                "winnerLoserTie": ""
            },
            {
                "noc": "",
                "name": "",
                "mark": "",
                "winnerLoserTie": ""
            }
        ]
    },
    {
        "disciplineName": "击剑",
        "event": "男子团体花剑5-6名赛#",
        "startDate": "22:00",
        "competitors": [
            {
                "noc": "./country_images/CHN.png",
                "name": "中国",
                "mark": "45",
                "winnerLoserTie": "W"
            },
            {
                "noc": "./country_images/POL.png",
                "name": "波兰",
                "mark": "30",
                "winnerLoserTie": "L"
            }
        ]
    },
    {
        "disciplineName": "击剑",
        "event": "男子团体花剑7-8名赛#",
        "startDate": "22:00",
        "competitors": [
            {
                "noc": "./country_images/EGY.png",
                "name": "埃及",
                "mark": "38",
                "winnerLoserTie": "L"
            },
            {
                "noc": "./country_images/CAN.png",
                "name": "加拿大",
                "mark": "45",
                "winnerLoserTie": "W"
            }
        ]
    },
    {
        "disciplineName": "手球",
        "event": "男子预赛B组#28",
        "startDate": "22:00",
        "competitors": [
            {
                "noc": "./country_images/HUN.png",
                "name": "匈牙利",
                "mark": "20",
                "winnerLoserTie": "L"
            },
            {
                "noc": "./country_images/FRA.png",
                "name": "法国",
                "mark": "24",
                "winnerLoserTie": "W"
            }
        ]
    },
    {
        "disciplineName": "拳击",
        "event": "女子75公斤级 - 1/4决赛#202",
        "startDate": "22:02",
        "competitors": [
            {
                "noc": "",
                "name": "",
                "mark": "",
                "winnerLoserTie": ""
            },
            {
                "noc": "",
                "name": "",
                "mark": "",
                "winnerLoserTie": ""
            }
        ]
    },
    {
        "disciplineName": "羽毛球",
        "event": "男子双打金牌赛#",
        "startDate": "22:10",
        "competitors": [
            {
                "noc": "",
                "name": "",
                "mark": "",
                "winnerLoserTie": ""
            },
            {
                "noc": "",
                "name": "",
                "mark": "",
                "winnerLoserTie": ""
            }
        ]
    },
    {
        "disciplineName": "拳击",
        "event": "女子75公斤级 - 1/4决赛#203",
        "startDate": "22:18",
        "competitors": [
            {
                "noc": "",
                "name": "",
                "mark": "",
                "winnerLoserTie": ""
            },
            {
                "noc": "",
                "name": "",
                "mark": "",
                "winnerLoserTie": ""
            }
        ]
    },
    {
        "disciplineName": "竞技体操",
        "event": "男子跳马决赛#",
        "startDate": "22:24",
        "competitors": [
            {
                "noc": "",
                "name": "",
                "mark": "",
                "winnerLoserTie": ""
            },
            {
                "noc": "",
                "name": "",
                "mark": "",
                "winnerLoserTie": ""
            }
        ]
    },
    {
        "disciplineName": "拳击",
        "event": "女子54公斤级 - 半决赛#204",
        "startDate": "22:34",
        "competitors": [
            {
                "noc": "",
                "name": "",
                "mark": "",
                "winnerLoserTie": ""
            },
            {
                "noc": "",
                "name": "",
                "mark": "",
                "winnerLoserTie": ""
            }
        ]
    },
    {
        "disciplineName": "帆船",
        "event": "男女混合帆船诺卡拉17级 - 比赛05#",
        "startDate": "22:37",
        "competitors": [
            {
                "noc": "",
                "name": "",
                "mark": "",
                "winnerLoserTie": ""
            },
            {
                "noc": "",
                "name": "",
                "mark": "",
                "winnerLoserTie": ""
            }
        ]
    },
    {
        "disciplineName": "皮划艇激流回旋",
        "event": "女子极限皮艇预赛#",
        "startDate": "22:45",
        "competitors": [
            {
                "noc": "",
                "name": "",
                "mark": "",
                "winnerLoserTie": ""
            },
            {
                "noc": "",
                "name": "",
                "mark": "",
                "winnerLoserTie": ""
            }
        ]
    },
    {
        "disciplineName": "拳击",
        "event": "男子51公斤级 - 半决赛#205",
        "startDate": "22:50",
        "competitors": [
            {
                "noc": "",
                "name": "",
                "mark": "",
                "winnerLoserTie": ""
            },
            {
                "noc": "",
                "name": "",
                "mark": "",
                "winnerLoserTie": ""
            }
        ]
    },
    {
        "disciplineName": "排球",
        "event": "女子预赛 - A组#17",
        "startDate": "23:00",
        "competitors": [
            {
                "noc": "./country_images/CHN.png",
                "name": "中国",
                "mark": "3",
                "winnerLoserTie": "W"
            },
            {
                "noc": "./country_images/SRB.png",
                "name": "塞尔维亚",
                "mark": "1",
                "winnerLoserTie": "L"
            }
        ]
    },
    {
        "disciplineName": "沙滩排球",
        "event": "女子16强赛#41",
        "startDate": "23:00",
        "competitors": [
            {
                "noc": "./country_images/BRA.png",
                "name": "CAROL/BARBARA",
                "mark": "0",
                "winnerLoserTie": "L"
            },
            {
                "noc": "./country_images/AUS.png",
                "name": "MARIAFE/CLANCY",
                "mark": "2",
                "winnerLoserTie": "W"
            }
        ]
    },
    {
        "disciplineName": "拳击",
        "event": "男子63.5公斤级 - 半决赛#206",
        "startDate": "23:06",
        "competitors": [
            {
                "noc": "",
                "name": "",
                "mark": "",
                "winnerLoserTie": ""
            },
            {
                "noc": "",
                "name": "",
                "mark": "",
                "winnerLoserTie": ""
            }
        ]
    },
    {
        "disciplineName": "篮球",
        "event": "女子小组赛 - C组#35",
        "startDate": "23:15",
        "competitors": [
            {
                "noc": "./country_images/GER.png",
                "name": "德国",
                "mark": "68",
                "winnerLoserTie": "L"
            },
            {
                "noc": "./country_images/USA.png",
                "name": "美国",
                "mark": "87",
                "winnerLoserTie": "W"
            }
        ]
    },
    {
        "disciplineName": "拳击",
        "event": "男子80公斤级 - 半决赛#207",
        "startDate": "23:22",
        "competitors": [
            {
                "noc": "",
                "name": "",
                "mark": "",
                "winnerLoserTie": ""
            },
            {
                "noc": "",
                "name": "",
                "mark": "",
                "winnerLoserTie": ""
            }
        ]
    },
    {
        "disciplineName": "帆船",
        "event": "男女混合帆船诺卡拉17级 - 比赛06#",
        "startDate": "23:29",
        "competitors": [
            {
                "noc": "",
                "name": "",
                "mark": "",
                "winnerLoserTie": ""
            },
            {
                "noc": "",
                "name": "",
                "mark": "",
                "winnerLoserTie": ""
            }
        ]
    },
    {
        "disciplineName": "三人篮球",
        "event": "男子分组循环赛#53",
        "startDate": "23:30",
        "competitors": [
            {
                "noc": "./country_images/FRA.png",
                "name": "法国",
                "mark": "21",
                "winnerLoserTie": "W"
            },
            {
                "noc": "./country_images/CHN.png",
                "name": "中国",
                "mark": "12",
                "winnerLoserTie": "L"
            }
        ]
    },
    {
        "disciplineName": "曲棍球",
        "event": "男子1/4决赛#M33",
        "startDate": "23:30",
        "competitors": [
            {
                "noc": "./country_images/NED.png",
                "name": "荷兰",
                "mark": "2",
                "winnerLoserTie": "W"
            },
            {
                "noc": "./country_images/AUS.png",
                "name": "澳大利亚",
                "mark": "0",
                "winnerLoserTie": "L"
            }
        ]
    },
    {
        "disciplineName": "拳击",
        "event": "男子92公斤级 - 半决赛#208",
        "startDate": "23:38",
        "competitors": [
            {
                "noc": "",
                "name": "",
                "mark": "",
                "winnerLoserTie": ""
            },
            {
                "noc": "",
                "name": "",
                "mark": "",
                "winnerLoserTie": ""
            }
        ]
    }
]