[
    {
        "disciplineName": "三人篮球",
        "event": "男子半决赛#64",
        "startDate": "00:00",
        "competitors": [
            {
                "noc": "./country_images/NED.png",
                "name": "荷兰",
                "mark": "20",
                "winnerLoserTie": "W"
            },
            {
                "noc": "./country_images/LTU.png",
                "name": "立陶宛",
                "mark": "9",
                "winnerLoserTie": "L"
            }
        ]
    },
    {
        "disciplineName": "沙滩排球",
        "event": "女子16强赛#46",
        "startDate": "00:00",
        "competitors": [
            {
                "noc": "./country_images/CAN.png",
                "name": "MELISSA/BRANDIE",
                "mark": "2",
                "winnerLoserTie": "W"
            },
            {
                "noc": "./country_images/USA.png",
                "name": "NUSS/KLOTH",
                "mark": "0",
                "winnerLoserTie": "L"
            }
        ]
    },
    {
        "disciplineName": "足球",
        "event": "男子半决赛#30",
        "startDate": "00:00",
        "competitors": [
            {
                "noc": "./country_images/MAR.png",
                "name": "摩洛哥",
                "mark": "1",
                "winnerLoserTie": "L"
            },
            {
                "noc": "./country_images/ESP.png",
                "name": "西班牙",
                "mark": "2",
                "winnerLoserTie": "W"
            }
        ]
    },
    {
        "disciplineName": "三人篮球",
        "event": "女子半决赛#61",
        "startDate": "00:30",
        "competitors": [
            {
                "noc": "./country_images/GER.png",
                "name": "德国",
                "mark": "16",
                "winnerLoserTie": "W"
            },
            {
                "noc": "./country_images/CAN.png",
                "name": "加拿大",
                "mark": "15",
                "winnerLoserTie": "L"
            }
        ]
    },
    {
        "disciplineName": "水球",
        "event": "男子预赛A组#28",
        "startDate": "00:30",
        "competitors": [
            {
                "noc": "./country_images/CRO.png",
                "name": "克罗地亚",
                "mark": "11",
                "winnerLoserTie": "L"
            },
            {
                "noc": "./country_images/USA.png",
                "name": "美国",
                "mark": "14",
                "winnerLoserTie": "W"
            }
        ]
    },
    {
        "disciplineName": "场地自行车",
        "event": "女子团体争先赛第1轮#",
        "startDate": "00:55",
        "competitors": [
            {
                "noc": "",
                "name": "",
                "mark": "",
                "winnerLoserTie": ""
            },
            {
                "noc": "",
                "name": "",
                "mark": "",
                "winnerLoserTie": ""
            }
        ]
    },
    {
        "disciplineName": "三人篮球",
        "event": "男子半决赛#62",
        "startDate": "01:00",
        "competitors": [
            {
                "noc": "./country_images/LAT.png",
                "name": "拉脱维亚",
                "mark": "14",
                "winnerLoserTie": "L"
            },
            {
                "noc": "./country_images/FRA.png",
                "name": "法国",
                "mark": "21",
                "winnerLoserTie": "W"
            }
        ]
    },
    {
        "disciplineName": "田径",
        "event": "男子撑竿跳高决赛#",
        "startDate": "01:00",
        "competitors": [
            {
                "noc": "",
                "name": "",
                "mark": "",
                "winnerLoserTie": ""
            },
            {
                "noc": "",
                "name": "",
                "mark": "",
                "winnerLoserTie": ""
            }
        ]
    },
    {
        "disciplineName": "田径",
        "event": "男子3000米障碍赛第1轮#",
        "startDate": "01:04",
        "competitors": [
            {
                "noc": "",
                "name": "",
                "mark": "",
                "winnerLoserTie": ""
            },
            {
                "noc": "",
                "name": "",
                "mark": "",
                "winnerLoserTie": ""
            }
        ]
    },
    {
        "disciplineName": "场地自行车",
        "event": "男子团体争先赛资格赛#",
        "startDate": "01:09",
        "competitors": [
            {
                "noc": "",
                "name": "",
                "mark": "",
                "winnerLoserTie": ""
            },
            {
                "noc": "",
                "name": "",
                "mark": "",
                "winnerLoserTie": ""
            }
        ]
    },
    {
        "disciplineName": "花样游泳",
        "event": "团体技术自选#",
        "startDate": "01:30",
        "competitors": [
            {
                "noc": "",
                "name": "",
                "mark": "",
                "winnerLoserTie": ""
            },
            {
                "noc": "",
                "name": "",
                "mark": "",
                "winnerLoserTie": ""
            }
        ]
    },
    {
        "disciplineName": "场地自行车",
        "event": "女子团体争先赛7-8名排名赛#",
        "startDate": "01:46",
        "competitors": [
            {
                "noc": "",
                "name": "",
                "mark": "",
                "winnerLoserTie": ""
            },
            {
                "noc": "",
                "name": "",
                "mark": "",
                "winnerLoserTie": ""
            }
        ]
    },
    {
        "disciplineName": "场地自行车",
        "event": "女子团体争先赛5-6名排名赛#",
        "startDate": "01:50",
        "competitors": [
            {
                "noc": "",
                "name": "",
                "mark": "",
                "winnerLoserTie": ""
            },
            {
                "noc": "",
                "name": "",
                "mark": "",
                "winnerLoserTie": ""
            }
        ]
    },
    {
        "disciplineName": "场地自行车",
        "event": "女子团体争先赛铜牌赛#",
        "startDate": "01:54",
        "competitors": [
            {
                "noc": "",
                "name": "",
                "mark": "",
                "winnerLoserTie": ""
            },
            {
                "noc": "",
                "name": "",
                "mark": "",
                "winnerLoserTie": ""
            }
        ]
    },
    {
        "disciplineName": "田径",
        "event": "男子200米第1轮#",
        "startDate": "01:55",
        "competitors": [
            {
                "noc": "",
                "name": "",
                "mark": "",
                "winnerLoserTie": ""
            },
            {
                "noc": "",
                "name": "",
                "mark": "",
                "winnerLoserTie": ""
            }
        ]
    },
    {
        "disciplineName": "场地自行车",
        "event": "女子团体争先赛金牌赛#",
        "startDate": "01:59",
        "competitors": [
            {
                "noc": "",
                "name": "",
                "mark": "",
                "winnerLoserTie": ""
            },
            {
                "noc": "",
                "name": "",
                "mark": "",
                "winnerLoserTie": ""
            }
        ]
    },
    {
        "disciplineName": "乒乓球",
        "event": "男子团体16强赛#4",
        "startDate": "02:00",
        "competitors": [
            {
                "noc": "./country_images/SLO.png",
                "name": "斯洛文尼亚",
                "mark": "0",
                "winnerLoserTie": "L"
            },
            {
                "noc": "./country_images/FRA.png",
                "name": "法国",
                "mark": "3",
                "winnerLoserTie": "W"
            }
        ]
    },
    {
        "disciplineName": "乒乓球",
        "event": "女子团体16强赛#4",
        "startDate": "02:00",
        "competitors": [
            {
                "noc": "./country_images/BRA.png",
                "name": "巴西",
                "mark": "1",
                "winnerLoserTie": "L"
            },
            {
                "noc": "./country_images/KOR.png",
                "name": "韩国",
                "mark": "3",
                "winnerLoserTie": "W"
            }
        ]
    },
    {
        "disciplineName": "乒乓球",
        "event": "男子团体16强赛#8",
        "startDate": "02:00",
        "competitors": [
            {
                "noc": "./country_images/CAN.png",
                "name": "加拿大",
                "mark": "0",
                "winnerLoserTie": "L"
            },
            {
                "noc": "./country_images/GER.png",
                "name": "德国",
                "mark": "3",
                "winnerLoserTie": "W"
            }
        ]
    },
    {
        "disciplineName": "乒乓球",
        "event": "女子团体16强赛#3",
        "startDate": "02:00",
        "competitors": [
            {
                "noc": "./country_images/HKG.png",
                "name": "中国香港",
                "mark": "2",
                "winnerLoserTie": "L"
            },
            {
                "noc": "./country_images/SWE.png",
                "name": "瑞典",
                "mark": "3",
                "winnerLoserTie": "W"
            }
        ]
    },
    {
        "disciplineName": "曲棍球",
        "event": "女子1/4决赛#W33",
        "startDate": "02:00",
        "competitors": [
            {
                "noc": "./country_images/BEL.png",
                "name": "比利时",
                "mark": "2",
                "winnerLoserTie": "W"
            },
            {
                "noc": "./country_images/ESP.png",
                "name": "西班牙",
                "mark": "0",
                "winnerLoserTie": "L"
            }
        ]
    },
    {
        "disciplineName": "水球",
        "event": "男子预赛B组#29",
        "startDate": "02:05",
        "competitors": [
            {
                "noc": "./country_images/FRA.png",
                "name": "法国",
                "mark": "8",
                "winnerLoserTie": "L"
            },
            {
                "noc": "./country_images/ESP.png",
                "name": "西班牙",
                "mark": "10",
                "winnerLoserTie": "W"
            }
        ]
    },
    {
        "disciplineName": "田径",
        "event": "女子铁饼决赛#",
        "startDate": "02:30",
        "competitors": [
            {
                "noc": "",
                "name": "",
                "mark": "",
                "winnerLoserTie": ""
            },
            {
                "noc": "",
                "name": "",
                "mark": "",
                "winnerLoserTie": ""
            }
        ]
    },
    {
        "disciplineName": "田径",
        "event": "女子200米半决赛#",
        "startDate": "02:45",
        "competitors": [
            {
                "noc": "",
                "name": "",
                "mark": "",
                "winnerLoserTie": ""
            },
            {
                "noc": "",
                "name": "",
                "mark": "",
                "winnerLoserTie": ""
            }
        ]
    },
    {
        "disciplineName": "三人篮球",
        "event": "女子铜牌赛#65",
        "startDate": "03:00",
        "competitors": [
            {
                "noc": "./country_images/CAN.png",
                "name": "加拿大",
                "mark": "13",
                "winnerLoserTie": "L"
            },
            {
                "noc": "./country_images/USA.png",
                "name": "美国",
                "mark": "16",
                "winnerLoserTie": "W"
            }
        ]
    },
    {
        "disciplineName": "排球",
        "event": "男子1/4决赛#20",
        "startDate": "03:00",
        "competitors": [
            {
                "noc": "./country_images/USA.png",
                "name": "美国",
                "mark": "3",
                "winnerLoserTie": "W"
            },
            {
                "noc": "./country_images/BRA.png",
                "name": "巴西",
                "mark": "1",
                "winnerLoserTie": "L"
            }
        ]
    },
    {
        "disciplineName": "摔跤",
        "event": "男子古典式60公斤级半决赛#38",
        "startDate": "03:00",
        "competitors": [
            {
                "noc": "",
                "name": "",
                "mark": "",
                "winnerLoserTie": ""
            },
            {
                "noc": "",
                "name": "",
                "mark": "",
                "winnerLoserTie": ""
            }
        ]
    },
    {
        "disciplineName": "沙滩排球",
        "event": "女子16强赛#39",
        "startDate": "03:00",
        "competitors": [
            {
                "noc": "./country_images/BRA.png",
                "name": "ANA PATRICIA/DUDA",
                "mark": "2",
                "winnerLoserTie": "W"
            },
            {
                "noc": "./country_images/JPN.png",
                "name": "AKIKO/ISHII",
                "mark": "0",
                "winnerLoserTie": "L"
            }
        ]
    },
    {
        "disciplineName": "足球",
        "event": "男子半决赛#29",
        "startDate": "03:00",
        "competitors": [
            {
                "noc": "./country_images/FRA.png",
                "name": "法国",
                "mark": "3",
                "winnerLoserTie": "W"
            },
            {
                "noc": "./country_images/EGY.png",
                "name": "埃及",
                "mark": "1",
                "winnerLoserTie": "L"
            }
        ]
    },
    {
        "disciplineName": "摔跤",
        "event": "男子古典式60公斤级半决赛#39",
        "startDate": "03:07",
        "competitors": [
            {
                "noc": "",
                "name": "",
                "mark": "",
                "winnerLoserTie": ""
            },
            {
                "noc": "",
                "name": "",
                "mark": "",
                "winnerLoserTie": ""
            }
        ]
    },
    {
        "disciplineName": "摔跤",
        "event": "男子古典式130公斤级半决赛#40",
        "startDate": "03:14",
        "competitors": [
            {
                "noc": "",
                "name": "",
                "mark": "",
                "winnerLoserTie": ""
            },
            {
                "noc": "",
                "name": "",
                "mark": "",
                "winnerLoserTie": ""
            }
        ]
    },
    {
        "disciplineName": "田径",
        "event": "女子5000米决赛#",
        "startDate": "03:15",
        "competitors": [
            {
                "noc": "",
                "name": "",
                "mark": "",
                "winnerLoserTie": ""
            },
            {
                "noc": "",
                "name": "",
                "mark": "",
                "winnerLoserTie": ""
            }
        ]
    },
    {
        "disciplineName": "摔跤",
        "event": "男子古典式130公斤级半决赛#41",
        "startDate": "03:21",
        "competitors": [
            {
                "noc": "",
                "name": "",
                "mark": "",
                "winnerLoserTie": ""
            },
            {
                "noc": "",
                "name": "",
                "mark": "",
                "winnerLoserTie": ""
            }
        ]
    },
    {
        "disciplineName": "摔跤",
        "event": "女子自由式68公斤级半决赛#42",
        "startDate": "03:28",
        "competitors": [
            {
                "noc": "",
                "name": "",
                "mark": "",
                "winnerLoserTie": ""
            },
            {
                "noc": "",
                "name": "",
                "mark": "",
                "winnerLoserTie": ""
            }
        ]
    },
    {
        "disciplineName": "三人篮球",
        "event": "男子铜牌赛#66",
        "startDate": "03:30",
        "competitors": [
            {
                "noc": "./country_images/LAT.png",
                "name": "拉脱维亚",
                "mark": "18",
                "winnerLoserTie": "L"
            },
            {
                "noc": "./country_images/LTU.png",
                "name": "立陶宛",
                "mark": "21",
                "winnerLoserTie": "W"
            }
        ]
    },
    {
        "disciplineName": "摔跤",
        "event": "女子自由式68公斤级半决赛#43",
        "startDate": "03:35",
        "competitors": [
            {
                "noc": "",
                "name": "",
                "mark": "",
                "winnerLoserTie": ""
            },
            {
                "noc": "",
                "name": "",
                "mark": "",
                "winnerLoserTie": ""
            }
        ]
    },
    {
        "disciplineName": "水球",
        "event": "男子预赛A组#30",
        "startDate": "03:40",
        "competitors": [
            {
                "noc": "./country_images/ROU.png",
                "name": "罗马尼亚",
                "mark": "7",
                "winnerLoserTie": "L"
            },
            {
                "noc": "./country_images/MNE.png",
                "name": "黑山",
                "mark": "10",
                "winnerLoserTie": "W"
            }
        ]
    },
    {
        "disciplineName": "田径",
        "event": "女子800米决赛#",
        "startDate": "03:47",
        "competitors": [
            {
                "noc": "",
                "name": "",
                "mark": "",
                "winnerLoserTie": ""
            },
            {
                "noc": "",
                "name": "",
                "mark": "",
                "winnerLoserTie": ""
            }
        ]
    },
    {
        "disciplineName": "三人篮球",
        "event": "女子金牌赛#67",
        "startDate": "04:00",
        "competitors": [
            {
                "noc": "./country_images/GER.png",
                "name": "德国",
                "mark": "17",
                "winnerLoserTie": "W"
            },
            {
                "noc": "./country_images/ESP.png",
                "name": "西班牙",
                "mark": "16",
                "winnerLoserTie": "L"
            }
        ]
    },
    {
        "disciplineName": "沙滩排球",
        "event": "男子16强赛#39",
        "startDate": "04:00",
        "competitors": [
            {
                "noc": "./country_images/QAT.png",
                "name": "CHERIF/AHMED",
                "mark": "2",
                "winnerLoserTie": "W"
            },
            {
                "noc": "./country_images/CHI.png",
                "name": "M.GRIMALT/E.GRIMALT",
                "mark": "0",
                "winnerLoserTie": "L"
            }
        ]
    },
    {
        "disciplineName": "三人篮球",
        "event": "男子金牌赛#68",
        "startDate": "04:30",
        "competitors": [
            {
                "noc": "./country_images/FRA.png",
                "name": "法国",
                "mark": "17",
                "winnerLoserTie": "L"
            },
            {
                "noc": "./country_images/NED.png",
                "name": "荷兰",
                "mark": "18",
                "winnerLoserTie": "W"
            }
        ]
    },
    {
        "disciplineName": "冲浪",
        "event": "男子半决赛 - 第1组#",
        "startDate": "04:30",
        "competitors": [
            {
                "noc": "",
                "name": "",
                "mark": "",
                "winnerLoserTie": ""
            },
            {
                "noc": "",
                "name": "",
                "mark": "",
                "winnerLoserTie": ""
            }
        ]
    },
    {
        "disciplineName": "冲浪",
        "event": "男子半决赛 - 第2组#",
        "startDate": "05:06",
        "competitors": [
            {
                "noc": "",
                "name": "",
                "mark": "",
                "winnerLoserTie": ""
            },
            {
                "noc": "",
                "name": "",
                "mark": "",
                "winnerLoserTie": ""
            }
        ]
    },
    {
        "disciplineName": "冲浪",
        "event": "女子半决赛 - 第1组#",
        "startDate": "05:42",
        "competitors": [
            {
                "noc": "",
                "name": "",
                "mark": "",
                "winnerLoserTie": ""
            },
            {
                "noc": "",
                "name": "",
                "mark": "",
                "winnerLoserTie": ""
            }
        ]
    },
    {
        "disciplineName": "冲浪",
        "event": "女子半决赛 - 第2组#",
        "startDate": "06:18",
        "competitors": [
            {
                "noc": "",
                "name": "",
                "mark": "",
                "winnerLoserTie": ""
            },
            {
                "noc": "",
                "name": "",
                "mark": "",
                "winnerLoserTie": ""
            }
        ]
    },
    {
        "disciplineName": "冲浪",
        "event": "男子铜牌赛#",
        "startDate": "06:54",
        "competitors": [
            {
                "noc": "",
                "name": "",
                "mark": "",
                "winnerLoserTie": ""
            },
            {
                "noc": "",
                "name": "",
                "mark": "",
                "winnerLoserTie": ""
            }
        ]
    },
    {
        "disciplineName": "冲浪",
        "event": "女子铜牌赛#",
        "startDate": "07:35",
        "competitors": [
            {
                "noc": "",
                "name": "",
                "mark": "",
                "winnerLoserTie": ""
            },
            {
                "noc": "",
                "name": "",
                "mark": "",
                "winnerLoserTie": ""
            }
        ]
    },
    {
        "disciplineName": "冲浪",
        "event": "男子金牌赛#",
        "startDate": "08:16",
        "competitors": [
            {
                "noc": "",
                "name": "",
                "mark": "",
                "winnerLoserTie": ""
            },
            {
                "noc": "",
                "name": "",
                "mark": "",
                "winnerLoserTie": ""
            }
        ]
    },
    {
        "disciplineName": "冲浪",
        "event": "女子金牌赛#",
        "startDate": "08:57",
        "competitors": [
            {
                "noc": "",
                "name": "",
                "mark": "",
                "winnerLoserTie": ""
            },
            {
                "noc": "",
                "name": "",
                "mark": "",
                "winnerLoserTie": ""
            }
        ]
    },
    {
        "disciplineName": "排球",
        "event": "女子1/4决赛#21",
        "startDate": "15:00",
        "competitors": [
            {
                "noc": "./country_images/CHN.png",
                "name": "中国",
                "mark": "2",
                "winnerLoserTie": "L"
            },
            {
                "noc": "./country_images/TUR.png",
                "name": "土耳其",
                "mark": "3",
                "winnerLoserTie": "W"
            }
        ]
    },
    {
        "disciplineName": "手球",
        "event": "女子1/4决赛#33",
        "startDate": "15:30",
        "competitors": [
            {
                "noc": "./country_images/DEN.png",
                "name": "丹麦",
                "mark": "29",
                "winnerLoserTie": "W"
            },
            {
                "noc": "./country_images/NED.png",
                "name": "荷兰",
                "mark": "25",
                "winnerLoserTie": "L"
            }
        ]
    },
    {
        "disciplineName": "皮划艇静水",
        "event": "男子500米四人皮艇分组预赛#",
        "startDate": "15:30",
        "competitors": [
            {
                "noc": "",
                "name": "",
                "mark": "",
                "winnerLoserTie": ""
            },
            {
                "noc": "",
                "name": "",
                "mark": "",
                "winnerLoserTie": ""
            }
        ]
    },
    {
        "disciplineName": "乒乓球",
        "event": "男子团体16强赛#1",
        "startDate": "16:00",
        "competitors": [
            {
                "noc": "./country_images/CHN.png",
                "name": "中国",
                "mark": "3",
                "winnerLoserTie": "W"
            },
            {
                "noc": "./country_images/IND.png",
                "name": "印度",
                "mark": "0",
                "winnerLoserTie": "L"
            }
        ]
    },
    {
        "disciplineName": "乒乓球",
        "event": "女子团体16强赛#6",
        "startDate": "16:00",
        "competitors": [
            {
                "noc": "./country_images/USA.png",
                "name": "美国",
                "mark": "2",
                "winnerLoserTie": "L"
            },
            {
                "noc": "./country_images/GER.png",
                "name": "德国",
                "mark": "3",
                "winnerLoserTie": "W"
            }
        ]
    },
    {
        "disciplineName": "乒乓球",
        "event": "男子团体16强赛#2",
        "startDate": "16:00",
        "competitors": [
            {
                "noc": "./country_images/CRO.png",
                "name": "克罗地亚",
                "mark": "0",
                "winnerLoserTie": "L"
            },
            {
                "noc": "./country_images/KOR.png",
                "name": "韩国",
                "mark": "3",
                "winnerLoserTie": "W"
            }
        ]
    },
    {
        "disciplineName": "乒乓球",
        "event": "女子团体16强赛#2",
        "startDate": "16:00",
        "competitors": [
            {
                "noc": "./country_images/AUS.png",
                "name": "澳大利亚",
                "mark": "0",
                "winnerLoserTie": "L"
            },
            {
                "noc": "./country_images/TPE.png",
                "name": "Chinese Taipei",
                "mark": "3",
                "winnerLoserTie": "W"
            }
        ]
    },
    {
        "disciplineName": "皮划艇静水",
        "event": "女子500米四人皮艇分组预赛#",
        "startDate": "16:00",
        "competitors": [
            {
                "noc": "",
                "name": "",
                "mark": "",
                "winnerLoserTie": ""
            },
            {
                "noc": "",
                "name": "",
                "mark": "",
                "winnerLoserTie": ""
            }
        ]
    },
    {
        "disciplineName": "跳水",
        "event": "男子3米跳板跳水预赛#",
        "startDate": "16:00",
        "competitors": [
            {
                "noc": "",
                "name": "",
                "mark": "",
                "winnerLoserTie": ""
            },
            {
                "noc": "",
                "name": "",
                "mark": "",
                "winnerLoserTie": ""
            }
        ]
    },
    {
        "disciplineName": "运动攀岩",
        "event": "女子攀石和难度攀岩半决赛 - 攀石#",
        "startDate": "16:00",
        "competitors": [
            {
                "noc": "",
                "name": "",
                "mark": "",
                "winnerLoserTie": ""
            },
            {
                "noc": "",
                "name": "",
                "mark": "",
                "winnerLoserTie": ""
            }
        ]
    },
    {
        "disciplineName": "马术",
        "event": "个人场地障碍决赛#",
        "startDate": "16:00",
        "competitors": [
            {
                "noc": "",
                "name": "",
                "mark": "",
                "winnerLoserTie": ""
            },
            {
                "noc": "",
                "name": "",
                "mark": "",
                "winnerLoserTie": ""
            }
        ]
    },
    {
        "disciplineName": "田径",
        "event": "女子1500米第1轮#",
        "startDate": "16:05",
        "competitors": [
            {
                "noc": "",
                "name": "",
                "mark": "",
                "winnerLoserTie": ""
            },
            {
                "noc": "",
                "name": "",
                "mark": "",
                "winnerLoserTie": ""
            }
        ]
    },
    {
        "disciplineName": "田径",
        "event": "男子标枪资格赛 - A组#",
        "startDate": "16:20",
        "competitors": [
            {
                "noc": "",
                "name": "",
                "mark": "",
                "winnerLoserTie": ""
            },
            {
                "noc": "",
                "name": "",
                "mark": "",
                "winnerLoserTie": ""
            }
        ]
    },
    {
        "disciplineName": "皮划艇静水",
        "event": "男子500米双人划艇分组预赛#",
        "startDate": "16:30",
        "competitors": [
            {
                "noc": "",
                "name": "",
                "mark": "",
                "winnerLoserTie": ""
            },
            {
                "noc": "",
                "name": "",
                "mark": "",
                "winnerLoserTie": ""
            }
        ]
    },
    {
        "disciplineName": "田径",
        "event": "男子110米跨栏复活赛#",
        "startDate": "16:50",
        "competitors": [
            {
                "noc": "",
                "name": "",
                "mark": "",
                "winnerLoserTie": ""
            },
            {
                "noc": "",
                "name": "",
                "mark": "",
                "winnerLoserTie": ""
            }
        ]
    },
    {
        "disciplineName": "摔跤",
        "event": "男子古典式60公斤复活赛#45",
        "startDate": "17:00",
        "competitors": [
            {
                "noc": "",
                "name": "",
                "mark": "",
                "winnerLoserTie": ""
            },
            {
                "noc": "",
                "name": "",
                "mark": "",
                "winnerLoserTie": ""
            }
        ]
    },
    {
        "disciplineName": "摔跤",
        "event": "女子自由式68公斤复活赛#59",
        "startDate": "17:00",
        "competitors": [
            {
                "noc": "",
                "name": "",
                "mark": "",
                "winnerLoserTie": ""
            },
            {
                "noc": "",
                "name": "",
                "mark": "",
                "winnerLoserTie": ""
            }
        ]
    },
    {
        "disciplineName": "摔跤",
        "event": "男子古典式130公斤复活赛#73",
        "startDate": "17:00",
        "competitors": [
            {
                "noc": "",
                "name": "",
                "mark": "",
                "winnerLoserTie": ""
            },
            {
                "noc": "",
                "name": "",
                "mark": "",
                "winnerLoserTie": ""
            }
        ]
    },
    {
        "disciplineName": "皮划艇静水",
        "event": "女子500米双人划艇分组预赛#",
        "startDate": "17:00",
        "competitors": [
            {
                "noc": "",
                "name": "",
                "mark": "",
                "winnerLoserTie": ""
            },
            {
                "noc": "",
                "name": "",
                "mark": "",
                "winnerLoserTie": ""
            }
        ]
    },
    {
        "disciplineName": "篮球",
        "event": "男子1/4决赛#38",
        "startDate": "17:00",
        "competitors": [
            {
                "noc": "./country_images/GER.png",
                "name": "德国",
                "mark": "76",
                "winnerLoserTie": "W"
            },
            {
                "noc": "./country_images/GRE.png",
                "name": "希腊",
                "mark": "63",
                "winnerLoserTie": "L"
            }
        ]
    },
    {
        "disciplineName": "摔跤",
        "event": "男子古典式60公斤复活赛#46",
        "startDate": "17:07",
        "competitors": [
            {
                "noc": "",
                "name": "",
                "mark": "",
                "winnerLoserTie": ""
            },
            {
                "noc": "",
                "name": "",
                "mark": "",
                "winnerLoserTie": ""
            }
        ]
    },
    {
        "disciplineName": "摔跤",
        "event": "女子自由式68公斤复活赛#60",
        "startDate": "17:07",
        "competitors": [
            {
                "noc": "",
                "name": "",
                "mark": "",
                "winnerLoserTie": ""
            },
            {
                "noc": "",
                "name": "",
                "mark": "",
                "winnerLoserTie": ""
            }
        ]
    },
    {
        "disciplineName": "摔跤",
        "event": "男子古典式130公斤复活赛#74",
        "startDate": "17:07",
        "competitors": [
            {
                "noc": "",
                "name": "",
                "mark": "",
                "winnerLoserTie": ""
            },
            {
                "noc": "",
                "name": "",
                "mark": "",
                "winnerLoserTie": ""
            }
        ]
    },
    {
        "disciplineName": "摔跤",
        "event": "男子古典式77公斤级1/8决赛#47",
        "startDate": "17:14",
        "competitors": [
            {
                "noc": "",
                "name": "",
                "mark": "",
                "winnerLoserTie": ""
            },
            {
                "noc": "",
                "name": "",
                "mark": "",
                "winnerLoserTie": ""
            }
        ]
    },
    {
        "disciplineName": "摔跤",
        "event": "女子自由式50公斤级1/8决赛#61",
        "startDate": "17:14",
        "competitors": [
            {
                "noc": "",
                "name": "",
                "mark": "",
                "winnerLoserTie": ""
            },
            {
                "noc": "",
                "name": "",
                "mark": "",
                "winnerLoserTie": ""
            }
        ]
    },
    {
        "disciplineName": "摔跤",
        "event": "男子古典式97公斤级1/8决赛#75",
        "startDate": "17:14",
        "competitors": [
            {
                "noc": "",
                "name": "",
                "mark": "",
                "winnerLoserTie": ""
            },
            {
                "noc": "",
                "name": "",
                "mark": "",
                "winnerLoserTie": ""
            }
        ]
    },
    {
        "disciplineName": "田径",
        "event": "女子跳远资格赛#",
        "startDate": "17:15",
        "competitors": [
            {
                "noc": "",
                "name": "",
                "mark": "",
                "winnerLoserTie": ""
            },
            {
                "noc": "",
                "name": "",
                "mark": "",
                "winnerLoserTie": ""
            }
        ]
    },
    {
        "disciplineName": "田径",
        "event": "女子400米复活赛#",
        "startDate": "17:20",
        "competitors": [
            {
                "noc": "",
                "name": "",
                "mark": "",
                "winnerLoserTie": ""
            },
            {
                "noc": "",
                "name": "",
                "mark": "",
                "winnerLoserTie": ""
            }
        ]
    },
    {
        "disciplineName": "摔跤",
        "event": "男子古典式77公斤级1/8决赛#48",
        "startDate": "17:21",
        "competitors": [
            {
                "noc": "",
                "name": "",
                "mark": "",
                "winnerLoserTie": ""
            },
            {
                "noc": "",
                "name": "",
                "mark": "",
                "winnerLoserTie": ""
            }
        ]
    },
    {
        "disciplineName": "摔跤",
        "event": "女子自由式50公斤级1/8决赛#62",
        "startDate": "17:21",
        "competitors": [
            {
                "noc": "",
                "name": "",
                "mark": "",
                "winnerLoserTie": ""
            },
            {
                "noc": "",
                "name": "",
                "mark": "",
                "winnerLoserTie": ""
            }
        ]
    },
    {
        "disciplineName": "摔跤",
        "event": "男子古典式97公斤级1/8决赛#76",
        "startDate": "17:21",
        "competitors": [
            {
                "noc": "",
                "name": "",
                "mark": "",
                "winnerLoserTie": ""
            },
            {
                "noc": "",
                "name": "",
                "mark": "",
                "winnerLoserTie": ""
            }
        ]
    },
    {
        "disciplineName": "摔跤",
        "event": "男子古典式77公斤级1/8决赛#49",
        "startDate": "17:28",
        "competitors": [
            {
                "noc": "",
                "name": "",
                "mark": "",
                "winnerLoserTie": ""
            },
            {
                "noc": "",
                "name": "",
                "mark": "",
                "winnerLoserTie": ""
            }
        ]
    },
    {
        "disciplineName": "摔跤",
        "event": "女子自由式50公斤级1/8决赛#63",
        "startDate": "17:28",
        "competitors": [
            {
                "noc": "",
                "name": "",
                "mark": "",
                "winnerLoserTie": ""
            },
            {
                "noc": "",
                "name": "",
                "mark": "",
                "winnerLoserTie": ""
            }
        ]
    },
    {
        "disciplineName": "摔跤",
        "event": "男子古典式97公斤级1/8决赛#77",
        "startDate": "17:28",
        "competitors": [
            {
                "noc": "",
                "name": "",
                "mark": "",
                "winnerLoserTie": ""
            },
            {
                "noc": "",
                "name": "",
                "mark": "",
                "winnerLoserTie": ""
            }
        ]
    },
    {
        "disciplineName": "皮划艇静水",
        "event": "男子500米双人皮艇分组预赛#",
        "startDate": "17:30",
        "competitors": [
            {
                "noc": "",
                "name": "",
                "mark": "",
                "winnerLoserTie": ""
            },
            {
                "noc": "",
                "name": "",
                "mark": "",
                "winnerLoserTie": ""
            }
        ]
    },
    {
        "disciplineName": "摔跤",
        "event": "男子古典式77公斤级1/8决赛#50",
        "startDate": "17:35",
        "competitors": [
            {
                "noc": "",
                "name": "",
                "mark": "",
                "winnerLoserTie": ""
            },
            {
                "noc": "",
                "name": "",
                "mark": "",
                "winnerLoserTie": ""
            }
        ]
    },
    {
        "disciplineName": "摔跤",
        "event": "女子自由式50公斤级1/8决赛#64",
        "startDate": "17:35",
        "competitors": [
            {
                "noc": "",
                "name": "",
                "mark": "",
                "winnerLoserTie": ""
            },
            {
                "noc": "",
                "name": "",
                "mark": "",
                "winnerLoserTie": ""
            }
        ]
    },
    {
        "disciplineName": "摔跤",
        "event": "男子古典式97公斤级1/8决赛#78",
        "startDate": "17:35",
        "competitors": [
            {
                "noc": "",
                "name": "",
                "mark": "",
                "winnerLoserTie": ""
            },
            {
                "noc": "",
                "name": "",
                "mark": "",
                "winnerLoserTie": ""
            }
        ]
    },
    {
        "disciplineName": "摔跤",
        "event": "男子古典式77公斤级1/8决赛#51",
        "startDate": "17:42",
        "competitors": [
            {
                "noc": "",
                "name": "",
                "mark": "",
                "winnerLoserTie": ""
            },
            {
                "noc": "",
                "name": "",
                "mark": "",
                "winnerLoserTie": ""
            }
        ]
    },
    {
        "disciplineName": "摔跤",
        "event": "女子自由式50公斤级1/8决赛#65",
        "startDate": "17:42",
        "competitors": [
            {
                "noc": "",
                "name": "",
                "mark": "",
                "winnerLoserTie": ""
            },
            {
                "noc": "",
                "name": "",
                "mark": "",
                "winnerLoserTie": ""
            }
        ]
    },
    {
        "disciplineName": "摔跤",
        "event": "男子古典式97公斤级1/8决赛#79",
        "startDate": "17:42",
        "competitors": [
            {
                "noc": "",
                "name": "",
                "mark": "",
                "winnerLoserTie": ""
            },
            {
                "noc": "",
                "name": "",
                "mark": "",
                "winnerLoserTie": ""
            }
        ]
    },
    {
        "disciplineName": "摔跤",
        "event": "男子古典式77公斤级1/8决赛#52",
        "startDate": "17:49",
        "competitors": [
            {
                "noc": "",
                "name": "",
                "mark": "",
                "winnerLoserTie": ""
            },
            {
                "noc": "",
                "name": "",
                "mark": "",
                "winnerLoserTie": ""
            }
        ]
    },
    {
        "disciplineName": "摔跤",
        "event": "女子自由式50公斤级1/8决赛#66",
        "startDate": "17:49",
        "competitors": [
            {
                "noc": "",
                "name": "",
                "mark": "",
                "winnerLoserTie": ""
            },
            {
                "noc": "",
                "name": "",
                "mark": "",
                "winnerLoserTie": ""
            }
        ]
    },
    {
        "disciplineName": "摔跤",
        "event": "男子古典式97公斤级1/8决赛#80",
        "startDate": "17:49",
        "competitors": [
            {
                "noc": "",
                "name": "",
                "mark": "",
                "winnerLoserTie": ""
            },
            {
                "noc": "",
                "name": "",
                "mark": "",
                "winnerLoserTie": ""
            }
        ]
    },
    {
        "disciplineName": "田径",
        "event": "男子标枪资格赛 - B组#",
        "startDate": "17:50",
        "competitors": [
            {
                "noc": "",
                "name": "",
                "mark": "",
                "winnerLoserTie": ""
            },
            {
                "noc": "",
                "name": "",
                "mark": "",
                "winnerLoserTie": ""
            }
        ]
    },
    {
        "disciplineName": "马术",
        "event": "个人场地障碍附加赛#",
        "startDate": "17:53",
        "competitors": [
            {
                "noc": "",
                "name": "",
                "mark": "",
                "winnerLoserTie": ""
            },
            {
                "noc": "",
                "name": "",
                "mark": "",
                "winnerLoserTie": ""
            }
        ]
    },
    {
        "disciplineName": "摔跤",
        "event": "男子古典式77公斤级1/8决赛#53",
        "startDate": "17:56",
        "competitors": [
            {
                "noc": "",
                "name": "",
                "mark": "",
                "winnerLoserTie": ""
            },
            {
                "noc": "",
                "name": "",
                "mark": "",
                "winnerLoserTie": ""
            }
        ]
    },
    {
        "disciplineName": "摔跤",
        "event": "女子自由式50公斤级1/8决赛#67",
        "startDate": "17:56",
        "competitors": [
            {
                "noc": "",
                "name": "",
                "mark": "",
                "winnerLoserTie": ""
            },
            {
                "noc": "",
                "name": "",
                "mark": "",
                "winnerLoserTie": ""
            }
        ]
    },
    {
        "disciplineName": "摔跤",
        "event": "男子古典式97公斤级1/8决赛#81",
        "startDate": "17:56",
        "competitors": [
            {
                "noc": "",
                "name": "",
                "mark": "",
                "winnerLoserTie": ""
            },
            {
                "noc": "",
                "name": "",
                "mark": "",
                "winnerLoserTie": ""
            }
        ]
    },
    {
        "disciplineName": "田径",
        "event": "男子400米跨栏复活赛#",
        "startDate": "18:00",
        "competitors": [
            {
                "noc": "",
                "name": "",
                "mark": "",
                "winnerLoserTie": ""
            },
            {
                "noc": "",
                "name": "",
                "mark": "",
                "winnerLoserTie": ""
            }
        ]
    },
    {
        "disciplineName": "帆船",
        "event": "男子水翼风筝板 - 比赛06#",
        "startDate": "18:03",
        "competitors": [
            {
                "noc": "",
                "name": "",
                "mark": "",
                "winnerLoserTie": ""
            },
            {
                "noc": "",
                "name": "",
                "mark": "",
                "winnerLoserTie": ""
            }
        ]
    },
    {
        "disciplineName": "摔跤",
        "event": "男子古典式77公斤级1/8决赛#54",
        "startDate": "18:03",
        "competitors": [
            {
                "noc": "",
                "name": "",
                "mark": "",
                "winnerLoserTie": ""
            },
            {
                "noc": "",
                "name": "",
                "mark": "",
                "winnerLoserTie": ""
            }
        ]
    },
    {
        "disciplineName": "摔跤",
        "event": "女子自由式50公斤级1/8决赛#68",
        "startDate": "18:03",
        "competitors": [
            {
                "noc": "",
                "name": "",
                "mark": "",
                "winnerLoserTie": ""
            },
            {
                "noc": "",
                "name": "",
                "mark": "",
                "winnerLoserTie": ""
            }
        ]
    },
    {
        "disciplineName": "摔跤",
        "event": "男子古典式97公斤级1/8决赛#82",
        "startDate": "18:03",
        "competitors": [
            {
                "noc": "",
                "name": "",
                "mark": "",
                "winnerLoserTie": ""
            },
            {
                "noc": "",
                "name": "",
                "mark": "",
                "winnerLoserTie": ""
            }
        ]
    },
    {
        "disciplineName": "帆船",
        "event": "男女混合帆船诺卡拉17级 - 比赛10#",
        "startDate": "18:05",
        "competitors": [
            {
                "noc": "",
                "name": "",
                "mark": "",
                "winnerLoserTie": ""
            },
            {
                "noc": "",
                "name": "",
                "mark": "",
                "winnerLoserTie": ""
            }
        ]
    },
    {
        "disciplineName": "摔跤",
        "event": "男子古典式77公斤级1/4决赛#55",
        "startDate": "18:10",
        "competitors": [
            {
                "noc": "",
                "name": "",
                "mark": "",
                "winnerLoserTie": ""
            },
            {
                "noc": "",
                "name": "",
                "mark": "",
                "winnerLoserTie": ""
            }
        ]
    },
    {
        "disciplineName": "摔跤",
        "event": "女子自由式50公斤级1/4决赛#69",
        "startDate": "18:10",
        "competitors": [
            {
                "noc": "",
                "name": "",
                "mark": "",
                "winnerLoserTie": ""
            },
            {
                "noc": "",
                "name": "",
                "mark": "",
                "winnerLoserTie": ""
            }
        ]
    },
    {
        "disciplineName": "摔跤",
        "event": "男子古典式97公斤级1/4决赛#83",
        "startDate": "18:10",
        "competitors": [
            {
                "noc": "",
                "name": "",
                "mark": "",
                "winnerLoserTie": ""
            },
            {
                "noc": "",
                "name": "",
                "mark": "",
                "winnerLoserTie": ""
            }
        ]
    },
    {
        "disciplineName": "皮划艇静水",
        "event": "女子500米双人皮艇分组预赛#",
        "startDate": "18:10",
        "competitors": [
            {
                "noc": "",
                "name": "",
                "mark": "",
                "winnerLoserTie": ""
            },
            {
                "noc": "",
                "name": "",
                "mark": "",
                "winnerLoserTie": ""
            }
        ]
    },
    {
        "disciplineName": "帆船",
        "event": "男女混合帆船470级 - 比赛07#",
        "startDate": "18:15",
        "competitors": [
            {
                "noc": "",
                "name": "",
                "mark": "",
                "winnerLoserTie": ""
            },
            {
                "noc": "",
                "name": "",
                "mark": "",
                "winnerLoserTie": ""
            }
        ]
    },
    {
        "disciplineName": "摔跤",
        "event": "男子古典式77公斤级1/4决赛#56",
        "startDate": "18:17",
        "competitors": [
            {
                "noc": "",
                "name": "",
                "mark": "",
                "winnerLoserTie": ""
            },
            {
                "noc": "",
                "name": "",
                "mark": "",
                "winnerLoserTie": ""
            }
        ]
    },
    {
        "disciplineName": "摔跤",
        "event": "女子自由式50公斤级1/4决赛#70",
        "startDate": "18:17",
        "competitors": [
            {
                "noc": "",
                "name": "",
                "mark": "",
                "winnerLoserTie": ""
            },
            {
                "noc": "",
                "name": "",
                "mark": "",
                "winnerLoserTie": ""
            }
        ]
    },
    {
        "disciplineName": "摔跤",
        "event": "男子古典式97公斤级1/4决赛#84",
        "startDate": "18:17",
        "competitors": [
            {
                "noc": "",
                "name": "",
                "mark": "",
                "winnerLoserTie": ""
            },
            {
                "noc": "",
                "name": "",
                "mark": "",
                "winnerLoserTie": ""
            }
        ]
    },
    {
        "disciplineName": "帆船",
        "event": "女子水翼风筝板 - 比赛06#",
        "startDate": "18:23",
        "competitors": [
            {
                "noc": "",
                "name": "",
                "mark": "",
                "winnerLoserTie": ""
            },
            {
                "noc": "",
                "name": "",
                "mark": "",
                "winnerLoserTie": ""
            }
        ]
    },
    {
        "disciplineName": "摔跤",
        "event": "男子古典式77公斤级1/4决赛#57",
        "startDate": "18:24",
        "competitors": [
            {
                "noc": "",
                "name": "",
                "mark": "",
                "winnerLoserTie": ""
            },
            {
                "noc": "",
                "name": "",
                "mark": "",
                "winnerLoserTie": ""
            }
        ]
    },
    {
        "disciplineName": "摔跤",
        "event": "女子自由式50公斤级1/4决赛#71",
        "startDate": "18:24",
        "competitors": [
            {
                "noc": "",
                "name": "",
                "mark": "",
                "winnerLoserTie": ""
            },
            {
                "noc": "",
                "name": "",
                "mark": "",
                "winnerLoserTie": ""
            }
        ]
    },
    {
        "disciplineName": "摔跤",
        "event": "男子古典式97公斤级1/4决赛#85",
        "startDate": "18:24",
        "competitors": [
            {
                "noc": "",
                "name": "",
                "mark": "",
                "winnerLoserTie": ""
            },
            {
                "noc": "",
                "name": "",
                "mark": "",
                "winnerLoserTie": ""
            }
        ]
    },
    {
        "disciplineName": "帆船",
        "event": "男子水翼风筝板 - 比赛07#",
        "startDate": "18:28",
        "competitors": [
            {
                "noc": "",
                "name": "",
                "mark": "",
                "winnerLoserTie": ""
            },
            {
                "noc": "",
                "name": "",
                "mark": "",
                "winnerLoserTie": ""
            }
        ]
    },
    {
        "disciplineName": "滑板",
        "event": "女子公园赛预赛#",
        "startDate": "18:30",
        "competitors": [
            {
                "noc": "",
                "name": "",
                "mark": "",
                "winnerLoserTie": ""
            },
            {
                "noc": "",
                "name": "",
                "mark": "",
                "winnerLoserTie": ""
            }
        ]
    },
    {
        "disciplineName": "田径",
        "event": "男子200米复活赛#",
        "startDate": "18:30",
        "competitors": [
            {
                "noc": "",
                "name": "",
                "mark": "",
                "winnerLoserTie": ""
            },
            {
                "noc": "",
                "name": "",
                "mark": "",
                "winnerLoserTie": ""
            }
        ]
    },
    {
        "disciplineName": "摔跤",
        "event": "男子古典式77公斤级1/4决赛#58",
        "startDate": "18:31",
        "competitors": [
            {
                "noc": "",
                "name": "",
                "mark": "",
                "winnerLoserTie": ""
            },
            {
                "noc": "",
                "name": "",
                "mark": "",
                "winnerLoserTie": ""
            }
        ]
    },
    {
        "disciplineName": "摔跤",
        "event": "女子自由式50公斤级1/4决赛#72",
        "startDate": "18:31",
        "competitors": [
            {
                "noc": "",
                "name": "",
                "mark": "",
                "winnerLoserTie": ""
            },
            {
                "noc": "",
                "name": "",
                "mark": "",
                "winnerLoserTie": ""
            }
        ]
    },
    {
        "disciplineName": "摔跤",
        "event": "男子古典式97公斤级1/4决赛#86",
        "startDate": "18:31",
        "competitors": [
            {
                "noc": "",
                "name": "",
                "mark": "",
                "winnerLoserTie": ""
            },
            {
                "noc": "",
                "name": "",
                "mark": "",
                "winnerLoserTie": ""
            }
        ]
    },
    {
        "disciplineName": "帆船",
        "event": "男女混合帆船诺卡拉17级 - 比赛11#",
        "startDate": "18:57",
        "competitors": [
            {
                "noc": "",
                "name": "",
                "mark": "",
                "winnerLoserTie": ""
            },
            {
                "noc": "",
                "name": "",
                "mark": "",
                "winnerLoserTie": ""
            }
        ]
    },
    {
        "disciplineName": "排球",
        "event": "女子1/4决赛#22",
        "startDate": "19:00",
        "competitors": [
            {
                "noc": "./country_images/BRA.png",
                "name": "巴西",
                "mark": "3",
                "winnerLoserTie": "W"
            },
            {
                "noc": "./country_images/DOM.png",
                "name": "多米尼加",
                "mark": "0",
                "winnerLoserTie": "L"
            }
        ]
    },
    {
        "disciplineName": "运动攀岩",
        "event": "男子速度赛资格赛种子排名#",
        "startDate": "19:00",
        "competitors": [
            {
                "noc": "",
                "name": "",
                "mark": "",
                "winnerLoserTie": ""
            },
            {
                "noc": "",
                "name": "",
                "mark": "",
                "winnerLoserTie": ""
            }
        ]
    },
    {
        "disciplineName": "皮划艇静水",
        "event": "男子500米四人皮艇1/4决赛#",
        "startDate": "19:10",
        "competitors": [
            {
                "noc": "",
                "name": "",
                "mark": "",
                "winnerLoserTie": ""
            },
            {
                "noc": "",
                "name": "",
                "mark": "",
                "winnerLoserTie": ""
            }
        ]
    },
    {
        "disciplineName": "皮划艇静水",
        "event": "女子500米双人划艇1/4决赛#",
        "startDate": "19:20",
        "competitors": [
            {
                "noc": "",
                "name": "",
                "mark": "",
                "winnerLoserTie": ""
            },
            {
                "noc": "",
                "name": "",
                "mark": "",
                "winnerLoserTie": ""
            }
        ]
    },
    {
        "disciplineName": "帆船",
        "event": "男女混合帆船470级 - 比赛08#",
        "startDate": "19:22",
        "competitors": [
            {
                "noc": "",
                "name": "",
                "mark": "",
                "winnerLoserTie": ""
            },
            {
                "noc": "",
                "name": "",
                "mark": "",
                "winnerLoserTie": ""
            }
        ]
    },
    {
        "disciplineName": "手球",
        "event": "女子1/4决赛#34",
        "startDate": "19:30",
        "competitors": [
            {
                "noc": "./country_images/FRA.png",
                "name": "法国",
                "mark": "26",
                "winnerLoserTie": "W"
            },
            {
                "noc": "./country_images/GER.png",
                "name": "德国",
                "mark": "23",
                "winnerLoserTie": "L"
            }
        ]
    },
    {
        "disciplineName": "运动攀岩",
        "event": "男子速度赛, 资格淘汰赛 #",
        "startDate": "19:35",
        "competitors": [
            {
                "noc": "",
                "name": "",
                "mark": "",
                "winnerLoserTie": ""
            },
            {
                "noc": "",
                "name": "",
                "mark": "",
                "winnerLoserTie": ""
            }
        ]
    },
    {
        "disciplineName": "帆船",
        "event": "男女混合帆船诺卡拉17级 - 比赛12#",
        "startDate": "19:49",
        "competitors": [
            {
                "noc": "",
                "name": "",
                "mark": "",
                "winnerLoserTie": ""
            },
            {
                "noc": "",
                "name": "",
                "mark": "",
                "winnerLoserTie": ""
            }
        ]
    },
    {
        "disciplineName": "皮划艇静水",
        "event": "男子500米双人划艇1/4决赛#",
        "startDate": "19:50",
        "competitors": [
            {
                "noc": "",
                "name": "",
                "mark": "",
                "winnerLoserTie": ""
            },
            {
                "noc": "",
                "name": "",
                "mark": "",
                "winnerLoserTie": ""
            }
        ]
    },
    {
        "disciplineName": "曲棍球",
        "event": "男子半决赛#M36",
        "startDate": "20:00",
        "competitors": [
            {
                "noc": "./country_images/NED.png",
                "name": "荷兰",
                "mark": "4",
                "winnerLoserTie": "W"
            },
            {
                "noc": "./country_images/ESP.png",
                "name": "西班牙",
                "mark": "0",
                "winnerLoserTie": "L"
            }
        ]
    },
    {
        "disciplineName": "水球",
        "event": "女子1/4决赛#24",
        "startDate": "20:00",
        "competitors": [
            {
                "noc": "./country_images/CAN.png",
                "name": "加拿大",
                "mark": "8",
                "winnerLoserTie": "L"
            },
            {
                "noc": "./country_images/ESP.png",
                "name": "西班牙",
                "mark": "18",
                "winnerLoserTie": "W"
            }
        ]
    },
    {
        "disciplineName": "皮划艇静水",
        "event": "女子500米双人皮艇1/4决赛#",
        "startDate": "20:10",
        "competitors": [
            {
                "noc": "",
                "name": "",
                "mark": "",
                "winnerLoserTie": ""
            },
            {
                "noc": "",
                "name": "",
                "mark": "",
                "winnerLoserTie": ""
            }
        ]
    },
    {
        "disciplineName": "帆船",
        "event": "男女混合帆船470级 - 比赛09#",
        "startDate": "20:29",
        "competitors": [
            {
                "noc": "",
                "name": "",
                "mark": "",
                "winnerLoserTie": ""
            },
            {
                "noc": "",
                "name": "",
                "mark": "",
                "winnerLoserTie": ""
            }
        ]
    },
    {
        "disciplineName": "皮划艇静水",
        "event": "男子500米双人皮艇1/4决赛#",
        "startDate": "20:30",
        "competitors": [
            {
                "noc": "",
                "name": "",
                "mark": "",
                "winnerLoserTie": ""
            },
            {
                "noc": "",
                "name": "",
                "mark": "",
                "winnerLoserTie": ""
            }
        ]
    },
    {
        "disciplineName": "篮球",
        "event": "男子1/4决赛#40",
        "startDate": "20:30",
        "competitors": [
            {
                "noc": "./country_images/SRB.png",
                "name": "塞尔维亚",
                "mark": "95",
                "winnerLoserTie": "W"
            },
            {
                "noc": "./country_images/AUS.png",
                "name": "澳大利亚",
                "mark": "90",
                "winnerLoserTie": "L"
            }
        ]
    },
    {
        "disciplineName": "乒乓球",
        "event": "男子团体1/4决赛#11",
        "startDate": "21:00",
        "competitors": [
            {
                "noc": "./country_images/JPN.png",
                "name": "日本",
                "mark": "3",
                "winnerLoserTie": "W"
            },
            {
                "noc": "./country_images/TPE.png",
                "name": "Chinese Taipei",
                "mark": "1",
                "winnerLoserTie": "L"
            }
        ]
    },
    {
        "disciplineName": "乒乓球",
        "event": "女子团体1/4决赛#10",
        "startDate": "21:00",
        "competitors": [
            {
                "noc": "./country_images/SWE.png",
                "name": "瑞典",
                "mark": "0",
                "winnerLoserTie": "L"
            },
            {
                "noc": "./country_images/KOR.png",
                "name": "韩国",
                "mark": "3",
                "winnerLoserTie": "W"
            }
        ]
    },
    {
        "disciplineName": "跳水",
        "event": "女子10米跳台跳水决赛#",
        "startDate": "21:00",
        "competitors": [
            {
                "noc": "",
                "name": "",
                "mark": "",
                "winnerLoserTie": ""
            },
            {
                "noc": "",
                "name": "",
                "mark": "",
                "winnerLoserTie": ""
            }
        ]
    },
    {
        "disciplineName": "水球",
        "event": "女子1/4决赛#22",
        "startDate": "21:35",
        "competitors": [
            {
                "noc": "./country_images/NED.png",
                "name": "荷兰",
                "mark": "11",
                "winnerLoserTie": "W"
            },
            {
                "noc": "./country_images/ITA.png",
                "name": "意大利",
                "mark": "8",
                "winnerLoserTie": "L"
            }
        ]
    },
    {
        "disciplineName": "帆船",
        "event": "男女混合帆船470级 - 比赛10#",
        "startDate": "21:36",
        "competitors": [
            {
                "noc": "",
                "name": "",
                "mark": "",
                "winnerLoserTie": ""
            },
            {
                "noc": "",
                "name": "",
                "mark": "",
                "winnerLoserTie": ""
            }
        ]
    },
    {
        "disciplineName": "排球",
        "event": "女子1/4决赛#19",
        "startDate": "23:00",
        "competitors": [
            {
                "noc": "./country_images/USA.png",
                "name": "美国",
                "mark": "3",
                "winnerLoserTie": "W"
            },
            {
                "noc": "./country_images/POL.png",
                "name": "波兰",
                "mark": "0",
                "winnerLoserTie": "L"
            }
        ]
    },
    {
        "disciplineName": "沙滩排球",
        "event": "男子1/4决赛#49",
        "startDate": "23:00",
        "competitors": [
            {
                "noc": "./country_images/GER.png",
                "name": "EHLERS/WICKLER",
                "mark": "2",
                "winnerLoserTie": "W"
            },
            {
                "noc": "./country_images/NED.png",
                "name": "BOERMANS/DE GROOT",
                "mark": "0",
                "winnerLoserTie": "L"
            }
        ]
    },
    {
        "disciplineName": "场地自行车",
        "event": "女子团体追逐赛资格赛#",
        "startDate": "23:30",
        "competitors": [
            {
                "noc": "",
                "name": "",
                "mark": "",
                "winnerLoserTie": ""
            },
            {
                "noc": "",
                "name": "",
                "mark": "",
                "winnerLoserTie": ""
            }
        ]
    },
    {
        "disciplineName": "手球",
        "event": "女子1/4决赛#32",
        "startDate": "23:30",
        "competitors": [
            {
                "noc": "./country_images/HUN.png",
                "name": "匈牙利",
                "mark": "32",
                "winnerLoserTie": "L"
            },
            {
                "noc": "./country_images/SWE.png",
                "name": "瑞典",
                "mark": "36",
                "winnerLoserTie": "W"
            }
        ]
    },
    {
        "disciplineName": "滑板",
        "event": "女子公园赛决赛#",
        "startDate": "23:30",
        "competitors": [
            {
                "noc": "",
                "name": "",
                "mark": "",
                "winnerLoserTie": ""
            },
            {
                "noc": "",
                "name": "",
                "mark": "",
                "winnerLoserTie": ""
            }
        ]
    }
]