[
    {
        "disciplineName": "沙滩排球",
        "event": "男子1/4决赛#48",
        "startDate": "00:00",
        "competitors": [
            {
                "noc": "./country_images/BRA.png",
                "name": "EVANDRO/ARTHUR",
                "mark": "0",
                "winnerLoserTie": "L"
            },
            {
                "noc": "./country_images/SWE.png",
                "name": "AHMAN/HELLVIG",
                "mark": "2",
                "winnerLoserTie": "W"
            }
        ]
    },
    {
        "disciplineName": "篮球",
        "event": "男子1/4决赛#37",
        "startDate": "00:00",
        "competitors": [
            {
                "noc": "./country_images/FRA.png",
                "name": "法国",
                "mark": "82",
                "winnerLoserTie": "W"
            },
            {
                "noc": "./country_images/CAN.png",
                "name": "加拿大",
                "mark": "73",
                "winnerLoserTie": "L"
            }
        ]
    },
    {
        "disciplineName": "足球",
        "event": "女子半决赛#24",
        "startDate": "00:00",
        "competitors": [
            {
                "noc": "./country_images/USA.png",
                "name": "美国",
                "mark": "1",
                "winnerLoserTie": "W"
            },
            {
                "noc": "./country_images/GER.png",
                "name": "德国",
                "mark": "0",
                "winnerLoserTie": "L"
            }
        ]
    },
    {
        "disciplineName": "摔跤",
        "event": "男子古典式77公斤级半决赛#87",
        "startDate": "00:15",
        "competitors": [
            {
                "noc": "",
                "name": "",
                "mark": "",
                "winnerLoserTie": ""
            },
            {
                "noc": "",
                "name": "",
                "mark": "",
                "winnerLoserTie": ""
            }
        ]
    },
    {
        "disciplineName": "摔跤",
        "event": "男子古典式77公斤级半决赛#88",
        "startDate": "00:22",
        "competitors": [
            {
                "noc": "",
                "name": "",
                "mark": "",
                "winnerLoserTie": ""
            },
            {
                "noc": "",
                "name": "",
                "mark": "",
                "winnerLoserTie": ""
            }
        ]
    },
    {
        "disciplineName": "摔跤",
        "event": "男子古典式97公斤级半决赛#89",
        "startDate": "00:29",
        "competitors": [
            {
                "noc": "",
                "name": "",
                "mark": "",
                "winnerLoserTie": ""
            },
            {
                "noc": "",
                "name": "",
                "mark": "",
                "winnerLoserTie": ""
            }
        ]
    },
    {
        "disciplineName": "摔跤",
        "event": "男子古典式97公斤级半决赛#90",
        "startDate": "00:36",
        "competitors": [
            {
                "noc": "",
                "name": "",
                "mark": "",
                "winnerLoserTie": ""
            },
            {
                "noc": "",
                "name": "",
                "mark": "",
                "winnerLoserTie": ""
            }
        ]
    },
    {
        "disciplineName": "摔跤",
        "event": "女子自由式50公斤级半决赛#91",
        "startDate": "00:43",
        "competitors": [
            {
                "noc": "",
                "name": "",
                "mark": "",
                "winnerLoserTie": ""
            },
            {
                "noc": "",
                "name": "",
                "mark": "",
                "winnerLoserTie": ""
            }
        ]
    },
    {
        "disciplineName": "摔跤",
        "event": "女子自由式50公斤级半决赛#92",
        "startDate": "00:50",
        "competitors": [
            {
                "noc": "",
                "name": "",
                "mark": "",
                "winnerLoserTie": ""
            },
            {
                "noc": "",
                "name": "",
                "mark": "",
                "winnerLoserTie": ""
            }
        ]
    },
    {
        "disciplineName": "摔跤",
        "event": "男子古典式60公斤级铜牌赛#93",
        "startDate": "00:57",
        "competitors": [
            {
                "noc": "",
                "name": "",
                "mark": "",
                "winnerLoserTie": ""
            },
            {
                "noc": "",
                "name": "",
                "mark": "",
                "winnerLoserTie": ""
            }
        ]
    },
    {
        "disciplineName": "场地自行车",
        "event": "男子团体争先赛第1轮#",
        "startDate": "00:59",
        "competitors": [
            {
                "noc": "",
                "name": "",
                "mark": "",
                "winnerLoserTie": ""
            },
            {
                "noc": "",
                "name": "",
                "mark": "",
                "winnerLoserTie": ""
            }
        ]
    },
    {
        "disciplineName": "曲棍球",
        "event": "男子半决赛#M35",
        "startDate": "01:00",
        "competitors": [
            {
                "noc": "./country_images/GER.png",
                "name": "德国",
                "mark": "3",
                "winnerLoserTie": "W"
            },
            {
                "noc": "./country_images/IND.png",
                "name": "印度",
                "mark": "2",
                "winnerLoserTie": "L"
            }
        ]
    },
    {
        "disciplineName": "水球",
        "event": "女子1/4决赛#21",
        "startDate": "01:00",
        "competitors": [
            {
                "noc": "./country_images/AUS.png",
                "name": "澳大利亚",
                "mark": "9",
                "winnerLoserTie": "W"
            },
            {
                "noc": "./country_images/GRE.png",
                "name": "希腊",
                "mark": "6",
                "winnerLoserTie": "L"
            }
        ]
    },
    {
        "disciplineName": "摔跤",
        "event": "男子古典式60公斤级铜牌赛#94",
        "startDate": "01:04",
        "competitors": [
            {
                "noc": "",
                "name": "",
                "mark": "",
                "winnerLoserTie": ""
            },
            {
                "noc": "",
                "name": "",
                "mark": "",
                "winnerLoserTie": ""
            }
        ]
    },
    {
        "disciplineName": "摔跤",
        "event": "男子古典式60公斤级决赛#95",
        "startDate": "01:11",
        "competitors": [
            {
                "noc": "",
                "name": "",
                "mark": "",
                "winnerLoserTie": ""
            },
            {
                "noc": "",
                "name": "",
                "mark": "",
                "winnerLoserTie": ""
            }
        ]
    },
    {
        "disciplineName": "场地自行车",
        "event": "男子团体追逐赛第1轮#",
        "startDate": "01:14",
        "competitors": [
            {
                "noc": "",
                "name": "",
                "mark": "",
                "winnerLoserTie": ""
            },
            {
                "noc": "",
                "name": "",
                "mark": "",
                "winnerLoserTie": ""
            }
        ]
    },
    {
        "disciplineName": "摔跤",
        "event": "男子古典式130公斤级铜牌赛#96",
        "startDate": "01:18",
        "competitors": [
            {
                "noc": "",
                "name": "",
                "mark": "",
                "winnerLoserTie": ""
            },
            {
                "noc": "",
                "name": "",
                "mark": "",
                "winnerLoserTie": ""
            }
        ]
    },
    {
        "disciplineName": "摔跤",
        "event": "男子古典式130公斤级铜牌赛#97",
        "startDate": "01:25",
        "competitors": [
            {
                "noc": "",
                "name": "",
                "mark": "",
                "winnerLoserTie": ""
            },
            {
                "noc": "",
                "name": "",
                "mark": "",
                "winnerLoserTie": ""
            }
        ]
    },
    {
        "disciplineName": "花样游泳",
        "event": "团体自由自选#",
        "startDate": "01:30",
        "competitors": [
            {
                "noc": "",
                "name": "",
                "mark": "",
                "winnerLoserTie": ""
            },
            {
                "noc": "",
                "name": "",
                "mark": "",
                "winnerLoserTie": ""
            }
        ]
    },
    {
        "disciplineName": "摔跤",
        "event": "男子古典式130公斤级决赛#98",
        "startDate": "01:32",
        "competitors": [
            {
                "noc": "",
                "name": "",
                "mark": "",
                "winnerLoserTie": ""
            },
            {
                "noc": "",
                "name": "",
                "mark": "",
                "winnerLoserTie": ""
            }
        ]
    },
    {
        "disciplineName": "田径",
        "event": "男子400米半决赛#",
        "startDate": "01:35",
        "competitors": [
            {
                "noc": "",
                "name": "",
                "mark": "",
                "winnerLoserTie": ""
            },
            {
                "noc": "",
                "name": "",
                "mark": "",
                "winnerLoserTie": ""
            }
        ]
    },
    {
        "disciplineName": "摔跤",
        "event": "女子自由式68公斤级铜牌赛#99",
        "startDate": "01:39",
        "competitors": [
            {
                "noc": "",
                "name": "",
                "mark": "",
                "winnerLoserTie": ""
            },
            {
                "noc": "",
                "name": "",
                "mark": "",
                "winnerLoserTie": ""
            }
        ]
    },
    {
        "disciplineName": "摔跤",
        "event": "女子自由式68公斤级铜牌赛#100",
        "startDate": "01:46",
        "competitors": [
            {
                "noc": "",
                "name": "",
                "mark": "",
                "winnerLoserTie": ""
            },
            {
                "noc": "",
                "name": "",
                "mark": "",
                "winnerLoserTie": ""
            }
        ]
    },
    {
        "disciplineName": "摔跤",
        "event": "女子自由式68公斤级决赛#101",
        "startDate": "01:53",
        "competitors": [
            {
                "noc": "",
                "name": "",
                "mark": "",
                "winnerLoserTie": ""
            },
            {
                "noc": "",
                "name": "",
                "mark": "",
                "winnerLoserTie": ""
            }
        ]
    },
    {
        "disciplineName": "场地自行车",
        "event": "男子团体争先赛7-8名排名赛#",
        "startDate": "01:55",
        "competitors": [
            {
                "noc": "",
                "name": "",
                "mark": "",
                "winnerLoserTie": ""
            },
            {
                "noc": "",
                "name": "",
                "mark": "",
                "winnerLoserTie": ""
            }
        ]
    },
    {
        "disciplineName": "田径",
        "event": "女子链球决赛#",
        "startDate": "01:57",
        "competitors": [
            {
                "noc": "",
                "name": "",
                "mark": "",
                "winnerLoserTie": ""
            },
            {
                "noc": "",
                "name": "",
                "mark": "",
                "winnerLoserTie": ""
            }
        ]
    },
    {
        "disciplineName": "乒乓球",
        "event": "女子团体1/4决赛#12",
        "startDate": "02:00",
        "competitors": [
            {
                "noc": "./country_images/THA.png",
                "name": "泰国",
                "mark": "0",
                "winnerLoserTie": "L"
            },
            {
                "noc": "./country_images/JPN.png",
                "name": "日本",
                "mark": "3",
                "winnerLoserTie": "W"
            }
        ]
    },
    {
        "disciplineName": "乒乓球",
        "event": "男子团体1/4决赛#12",
        "startDate": "02:00",
        "competitors": [
            {
                "noc": "./country_images/SWE.png",
                "name": "瑞典",
                "mark": "3",
                "winnerLoserTie": "W"
            },
            {
                "noc": "./country_images/GER.png",
                "name": "德国",
                "mark": "0",
                "winnerLoserTie": "L"
            }
        ]
    },
    {
        "disciplineName": "场地自行车",
        "event": "男子团体争先赛5-6名排名赛#",
        "startDate": "02:00",
        "competitors": [
            {
                "noc": "",
                "name": "",
                "mark": "",
                "winnerLoserTie": ""
            },
            {
                "noc": "",
                "name": "",
                "mark": "",
                "winnerLoserTie": ""
            }
        ]
    },
    {
        "disciplineName": "场地自行车",
        "event": "男子团体争先赛铜牌赛#",
        "startDate": "02:05",
        "competitors": [
            {
                "noc": "",
                "name": "",
                "mark": "",
                "winnerLoserTie": ""
            },
            {
                "noc": "",
                "name": "",
                "mark": "",
                "winnerLoserTie": ""
            }
        ]
    },
    {
        "disciplineName": "田径",
        "event": "女子400米跨栏半决赛#",
        "startDate": "02:07",
        "competitors": [
            {
                "noc": "",
                "name": "",
                "mark": "",
                "winnerLoserTie": ""
            },
            {
                "noc": "",
                "name": "",
                "mark": "",
                "winnerLoserTie": ""
            }
        ]
    },
    {
        "disciplineName": "场地自行车",
        "event": "男子团体争先赛金牌赛#",
        "startDate": "02:10",
        "competitors": [
            {
                "noc": "",
                "name": "",
                "mark": "",
                "winnerLoserTie": ""
            },
            {
                "noc": "",
                "name": "",
                "mark": "",
                "winnerLoserTie": ""
            }
        ]
    },
    {
        "disciplineName": "田径",
        "event": "男子跳远决赛#",
        "startDate": "02:15",
        "competitors": [
            {
                "noc": "",
                "name": "",
                "mark": "",
                "winnerLoserTie": ""
            },
            {
                "noc": "",
                "name": "",
                "mark": "",
                "winnerLoserTie": ""
            }
        ]
    },
    {
        "disciplineName": "水球",
        "event": "女子1/4决赛#23",
        "startDate": "02:35",
        "competitors": [
            {
                "noc": "./country_images/HUN.png",
                "name": "匈牙利",
                "mark": "4",
                "winnerLoserTie": "L"
            },
            {
                "noc": "./country_images/USA.png",
                "name": "美国",
                "mark": "5",
                "winnerLoserTie": "W"
            }
        ]
    },
    {
        "disciplineName": "田径",
        "event": "男子1500米决赛#",
        "startDate": "02:50",
        "competitors": [
            {
                "noc": "",
                "name": "",
                "mark": "",
                "winnerLoserTie": ""
            },
            {
                "noc": "",
                "name": "",
                "mark": "",
                "winnerLoserTie": ""
            }
        ]
    },
    {
        "disciplineName": "排球",
        "event": "女子1/4决赛#20",
        "startDate": "03:00",
        "competitors": [
            {
                "noc": "./country_images/ITA.png",
                "name": "意大利",
                "mark": "3",
                "winnerLoserTie": "W"
            },
            {
                "noc": "./country_images/SRB.png",
                "name": "塞尔维亚",
                "mark": "0",
                "winnerLoserTie": "L"
            }
        ]
    },
    {
        "disciplineName": "沙滩排球",
        "event": "女子1/4决赛#48",
        "startDate": "03:00",
        "competitors": [
            {
                "noc": "./country_images/AUS.png",
                "name": "MARIAFE/CLANCY",
                "mark": "2",
                "winnerLoserTie": "W"
            },
            {
                "noc": "./country_images/SUI.png",
                "name": "ESMEE/ZOE",
                "mark": "1",
                "winnerLoserTie": "L"
            }
        ]
    },
    {
        "disciplineName": "足球",
        "event": "女子半决赛#23",
        "startDate": "03:00",
        "competitors": [
            {
                "noc": "./country_images/BRA.png",
                "name": "巴西",
                "mark": "4",
                "winnerLoserTie": "W"
            },
            {
                "noc": "./country_images/ESP.png",
                "name": "西班牙",
                "mark": "2",
                "winnerLoserTie": "L"
            }
        ]
    },
    {
        "disciplineName": "田径",
        "event": "女子3000米障碍赛决赛#",
        "startDate": "03:14",
        "competitors": [
            {
                "noc": "",
                "name": "",
                "mark": "",
                "winnerLoserTie": ""
            },
            {
                "noc": "",
                "name": "",
                "mark": "",
                "winnerLoserTie": ""
            }
        ]
    },
    {
        "disciplineName": "手球",
        "event": "女子1/4决赛#31",
        "startDate": "03:30",
        "competitors": [
            {
                "noc": "./country_images/NOR.png",
                "name": "挪威",
                "mark": "32",
                "winnerLoserTie": "W"
            },
            {
                "noc": "./country_images/BRA.png",
                "name": "巴西",
                "mark": "15",
                "winnerLoserTie": "L"
            }
        ]
    },
    {
        "disciplineName": "拳击",
        "event": "男子71公斤级 - 半决赛#209",
        "startDate": "03:30",
        "competitors": [
            {
                "noc": "",
                "name": "",
                "mark": "",
                "winnerLoserTie": ""
            },
            {
                "noc": "",
                "name": "",
                "mark": "",
                "winnerLoserTie": ""
            }
        ]
    },
    {
        "disciplineName": "篮球",
        "event": "男子1/4决赛#39",
        "startDate": "03:30",
        "competitors": [
            {
                "noc": "./country_images/BRA.png",
                "name": "巴西",
                "mark": "87",
                "winnerLoserTie": "L"
            },
            {
                "noc": "./country_images/USA.png",
                "name": "美国",
                "mark": "122",
                "winnerLoserTie": "W"
            }
        ]
    },
    {
        "disciplineName": "田径",
        "event": "女子200米决赛#",
        "startDate": "03:40",
        "competitors": [
            {
                "noc": "",
                "name": "",
                "mark": "",
                "winnerLoserTie": ""
            },
            {
                "noc": "",
                "name": "",
                "mark": "",
                "winnerLoserTie": ""
            }
        ]
    },
    {
        "disciplineName": "拳击",
        "event": "男子71公斤级 - 半决赛#210",
        "startDate": "03:46",
        "competitors": [
            {
                "noc": "",
                "name": "",
                "mark": "",
                "winnerLoserTie": ""
            },
            {
                "noc": "",
                "name": "",
                "mark": "",
                "winnerLoserTie": ""
            }
        ]
    },
    {
        "disciplineName": "沙滩排球",
        "event": "女子1/4决赛#49",
        "startDate": "04:00",
        "competitors": [
            {
                "noc": "./country_images/USA.png",
                "name": "HUGHES/CHENG",
                "mark": "0",
                "winnerLoserTie": "L"
            },
            {
                "noc": "./country_images/SUI.png",
                "name": "HUBERLI/BRUNNER",
                "mark": "2",
                "winnerLoserTie": "W"
            }
        ]
    },
    {
        "disciplineName": "拳击",
        "event": "女子50公斤级 - 半决赛#211",
        "startDate": "04:02",
        "competitors": [
            {
                "noc": "",
                "name": "",
                "mark": "",
                "winnerLoserTie": ""
            },
            {
                "noc": "",
                "name": "",
                "mark": "",
                "winnerLoserTie": ""
            }
        ]
    },
    {
        "disciplineName": "拳击",
        "event": "女子50公斤级 - 半决赛#212",
        "startDate": "04:18",
        "competitors": [
            {
                "noc": "",
                "name": "",
                "mark": "",
                "winnerLoserTie": ""
            },
            {
                "noc": "",
                "name": "",
                "mark": "",
                "winnerLoserTie": ""
            }
        ]
    },
    {
        "disciplineName": "拳击",
        "event": "女子66公斤级 - 半决赛#213",
        "startDate": "04:34",
        "competitors": [
            {
                "noc": "",
                "name": "",
                "mark": "",
                "winnerLoserTie": ""
            },
            {
                "noc": "",
                "name": "",
                "mark": "",
                "winnerLoserTie": ""
            }
        ]
    },
    {
        "disciplineName": "拳击",
        "event": "女子66公斤级 - 半决赛#214",
        "startDate": "04:50",
        "competitors": [
            {
                "noc": "",
                "name": "",
                "mark": "",
                "winnerLoserTie": ""
            },
            {
                "noc": "",
                "name": "",
                "mark": "",
                "winnerLoserTie": ""
            }
        ]
    },
    {
        "disciplineName": "拳击",
        "event": "女子60公斤级 - 决赛#215",
        "startDate": "05:06",
        "competitors": [
            {
                "noc": "",
                "name": "",
                "mark": "",
                "winnerLoserTie": ""
            },
            {
                "noc": "",
                "name": "",
                "mark": "",
                "winnerLoserTie": ""
            }
        ]
    },
    {
        "disciplineName": "田径",
        "event": "马拉松竞走混合接力#",
        "startDate": "13:30",
        "competitors": [
            {
                "noc": "",
                "name": "",
                "mark": "",
                "winnerLoserTie": ""
            },
            {
                "noc": "",
                "name": "",
                "mark": "",
                "winnerLoserTie": ""
            }
        ]
    },
    {
        "disciplineName": "跆拳道",
        "event": "男子58公斤级资格赛#101",
        "startDate": "15:00",
        "competitors": [
            {
                "noc": "",
                "name": "",
                "mark": "",
                "winnerLoserTie": ""
            },
            {
                "noc": "",
                "name": "",
                "mark": "",
                "winnerLoserTie": ""
            }
        ]
    },
    {
        "disciplineName": "高尔夫",
        "event": "女子第1回合#",
        "startDate": "15:00",
        "competitors": [
            {
                "noc": "",
                "name": "",
                "mark": "",
                "winnerLoserTie": ""
            },
            {
                "noc": "",
                "name": "",
                "mark": "",
                "winnerLoserTie": ""
            }
        ]
    },
    {
        "disciplineName": "跆拳道",
        "event": "女子49公斤级资格赛#102",
        "startDate": "15:09",
        "competitors": [
            {
                "noc": "",
                "name": "",
                "mark": "",
                "winnerLoserTie": ""
            },
            {
                "noc": "",
                "name": "",
                "mark": "",
                "winnerLoserTie": ""
            }
        ]
    },
    {
        "disciplineName": "跆拳道",
        "event": "男子58公斤级资格赛#103",
        "startDate": "15:21",
        "competitors": [
            {
                "noc": "",
                "name": "",
                "mark": "",
                "winnerLoserTie": ""
            },
            {
                "noc": "",
                "name": "",
                "mark": "",
                "winnerLoserTie": ""
            }
        ]
    },
    {
        "disciplineName": "手球",
        "event": "男子1/4决赛#33",
        "startDate": "15:30",
        "competitors": [
            {
                "noc": "./country_images/ESP.png",
                "name": "西班牙",
                "mark": "29",
                "winnerLoserTie": "W"
            },
            {
                "noc": "./country_images/EGY.png",
                "name": "埃及",
                "mark": "28",
                "winnerLoserTie": "L"
            }
        ]
    },
    {
        "disciplineName": "皮划艇静水",
        "event": "女子500米单人皮艇分组预赛#",
        "startDate": "15:30",
        "competitors": [
            {
                "noc": "",
                "name": "",
                "mark": "",
                "winnerLoserTie": ""
            },
            {
                "noc": "",
                "name": "",
                "mark": "",
                "winnerLoserTie": ""
            }
        ]
    },
    {
        "disciplineName": "跆拳道",
        "event": "女子49公斤级16强赛#104",
        "startDate": "15:33",
        "competitors": [
            {
                "noc": "",
                "name": "",
                "mark": "",
                "winnerLoserTie": ""
            },
            {
                "noc": "",
                "name": "",
                "mark": "",
                "winnerLoserTie": ""
            }
        ]
    },
    {
        "disciplineName": "跆拳道",
        "event": "男子58公斤级16强赛#105",
        "startDate": "15:46",
        "competitors": [
            {
                "noc": "",
                "name": "",
                "mark": "",
                "winnerLoserTie": ""
            },
            {
                "noc": "",
                "name": "",
                "mark": "",
                "winnerLoserTie": ""
            }
        ]
    },
    {
        "disciplineName": "跆拳道",
        "event": "女子49公斤级16强赛#106",
        "startDate": "15:58",
        "competitors": [
            {
                "noc": "",
                "name": "",
                "mark": "",
                "winnerLoserTie": ""
            },
            {
                "noc": "",
                "name": "",
                "mark": "",
                "winnerLoserTie": ""
            }
        ]
    },
    {
        "disciplineName": "乒乓球",
        "event": "女子团体1/4决赛#11",
        "startDate": "16:00",
        "competitors": [
            {
                "noc": "./country_images/IND.png",
                "name": "印度",
                "mark": "1",
                "winnerLoserTie": "L"
            },
            {
                "noc": "./country_images/GER.png",
                "name": "德国",
                "mark": "3",
                "winnerLoserTie": "W"
            }
        ]
    },
    {
        "disciplineName": "乒乓球",
        "event": "男子团体1/4决赛#9",
        "startDate": "16:00",
        "competitors": [
            {
                "noc": "./country_images/CHN.png",
                "name": "中国",
                "mark": "3",
                "winnerLoserTie": "W"
            },
            {
                "noc": "./country_images/KOR.png",
                "name": "韩国",
                "mark": "0",
                "winnerLoserTie": "L"
            }
        ]
    },
    {
        "disciplineName": "跳水",
        "event": "男子3米跳板跳水半决赛#",
        "startDate": "16:00",
        "competitors": [
            {
                "noc": "",
                "name": "",
                "mark": "",
                "winnerLoserTie": ""
            },
            {
                "noc": "",
                "name": "",
                "mark": "",
                "winnerLoserTie": ""
            }
        ]
    },
    {
        "disciplineName": "运动攀岩",
        "event": "男子攀石和难度攀岩半决赛 - 难度攀岩#",
        "startDate": "16:00",
        "competitors": [
            {
                "noc": "",
                "name": "",
                "mark": "",
                "winnerLoserTie": ""
            },
            {
                "noc": "",
                "name": "",
                "mark": "",
                "winnerLoserTie": ""
            }
        ]
    },
    {
        "disciplineName": "田径",
        "event": "男子跳高资格赛#",
        "startDate": "16:05",
        "competitors": [
            {
                "noc": "",
                "name": "",
                "mark": "",
                "winnerLoserTie": ""
            },
            {
                "noc": "",
                "name": "",
                "mark": "",
                "winnerLoserTie": ""
            }
        ]
    },
    {
        "disciplineName": "跆拳道",
        "event": "男子58公斤级16强赛#107",
        "startDate": "16:10",
        "competitors": [
            {
                "noc": "",
                "name": "",
                "mark": "",
                "winnerLoserTie": ""
            },
            {
                "noc": "",
                "name": "",
                "mark": "",
                "winnerLoserTie": ""
            }
        ]
    },
    {
        "disciplineName": "田径",
        "event": "女子100米跨栏第1轮#",
        "startDate": "16:15",
        "competitors": [
            {
                "noc": "",
                "name": "",
                "mark": "",
                "winnerLoserTie": ""
            },
            {
                "noc": "",
                "name": "",
                "mark": "",
                "winnerLoserTie": ""
            }
        ]
    },
    {
        "disciplineName": "跆拳道",
        "event": "女子49公斤级16强赛#108",
        "startDate": "16:22",
        "competitors": [
            {
                "noc": "",
                "name": "",
                "mark": "",
                "winnerLoserTie": ""
            },
            {
                "noc": "",
                "name": "",
                "mark": "",
                "winnerLoserTie": ""
            }
        ]
    },
    {
        "disciplineName": "田径",
        "event": "女子标枪资格赛 - A组#",
        "startDate": "16:25",
        "competitors": [
            {
                "noc": "",
                "name": "",
                "mark": "",
                "winnerLoserTie": ""
            },
            {
                "noc": "",
                "name": "",
                "mark": "",
                "winnerLoserTie": ""
            }
        ]
    },
    {
        "disciplineName": "跆拳道",
        "event": "男子58公斤级16强赛#109",
        "startDate": "16:35",
        "competitors": [
            {
                "noc": "",
                "name": "",
                "mark": "",
                "winnerLoserTie": ""
            },
            {
                "noc": "",
                "name": "",
                "mark": "",
                "winnerLoserTie": ""
            }
        ]
    },
    {
        "disciplineName": "皮划艇静水",
        "event": "男子1000米单人皮艇分组预赛#",
        "startDate": "16:40",
        "competitors": [
            {
                "noc": "",
                "name": "",
                "mark": "",
                "winnerLoserTie": ""
            },
            {
                "noc": "",
                "name": "",
                "mark": "",
                "winnerLoserTie": ""
            }
        ]
    },
    {
        "disciplineName": "跆拳道",
        "event": "女子49公斤级16强赛#110",
        "startDate": "16:47",
        "competitors": [
            {
                "noc": "",
                "name": "",
                "mark": "",
                "winnerLoserTie": ""
            },
            {
                "noc": "",
                "name": "",
                "mark": "",
                "winnerLoserTie": ""
            }
        ]
    },
    {
        "disciplineName": "跆拳道",
        "event": "男子58公斤级16强赛#111",
        "startDate": "16:59",
        "competitors": [
            {
                "noc": "",
                "name": "",
                "mark": "",
                "winnerLoserTie": ""
            },
            {
                "noc": "",
                "name": "",
                "mark": "",
                "winnerLoserTie": ""
            }
        ]
    },
    {
        "disciplineName": "摔跤",
        "event": "男子古典式77公斤复活赛#102",
        "startDate": "17:00",
        "competitors": [
            {
                "noc": "",
                "name": "",
                "mark": "",
                "winnerLoserTie": ""
            },
            {
                "noc": "",
                "name": "",
                "mark": "",
                "winnerLoserTie": ""
            }
        ]
    },
    {
        "disciplineName": "摔跤",
        "event": "女子自由式50公斤复活赛#117",
        "startDate": "17:00",
        "competitors": [
            {
                "noc": "",
                "name": "",
                "mark": "",
                "winnerLoserTie": ""
            },
            {
                "noc": "",
                "name": "",
                "mark": "",
                "winnerLoserTie": ""
            }
        ]
    },
    {
        "disciplineName": "摔跤",
        "event": "男子古典式97公斤复活赛#130",
        "startDate": "17:00",
        "competitors": [
            {
                "noc": "",
                "name": "",
                "mark": "",
                "winnerLoserTie": ""
            },
            {
                "noc": "",
                "name": "",
                "mark": "",
                "winnerLoserTie": ""
            }
        ]
    },
    {
        "disciplineName": "篮球",
        "event": "女子1/4决赛#44",
        "startDate": "17:00",
        "competitors": [
            {
                "noc": "./country_images/SRB.png",
                "name": "塞尔维亚",
                "mark": "67",
                "winnerLoserTie": "L"
            },
            {
                "noc": "./country_images/AUS.png",
                "name": "澳大利亚",
                "mark": "85",
                "winnerLoserTie": "W"
            }
        ]
    },
    {
        "disciplineName": "摔跤",
        "event": "男子古典式77公斤复活赛#103",
        "startDate": "17:07",
        "competitors": [
            {
                "noc": "",
                "name": "",
                "mark": "",
                "winnerLoserTie": ""
            },
            {
                "noc": "",
                "name": "",
                "mark": "",
                "winnerLoserTie": ""
            }
        ]
    },
    {
        "disciplineName": "摔跤",
        "event": "女子自由式53公斤级1/8决赛#118",
        "startDate": "17:07",
        "competitors": [
            {
                "noc": "",
                "name": "",
                "mark": "",
                "winnerLoserTie": ""
            },
            {
                "noc": "",
                "name": "",
                "mark": "",
                "winnerLoserTie": ""
            }
        ]
    },
    {
        "disciplineName": "摔跤",
        "event": "男子古典式97公斤复活赛#131",
        "startDate": "17:07",
        "competitors": [
            {
                "noc": "",
                "name": "",
                "mark": "",
                "winnerLoserTie": ""
            },
            {
                "noc": "",
                "name": "",
                "mark": "",
                "winnerLoserTie": ""
            }
        ]
    },
    {
        "disciplineName": "田径",
        "event": "男子5000米第1轮#",
        "startDate": "17:10",
        "competitors": [
            {
                "noc": "",
                "name": "",
                "mark": "",
                "winnerLoserTie": ""
            },
            {
                "noc": "",
                "name": "",
                "mark": "",
                "winnerLoserTie": ""
            }
        ]
    },
    {
        "disciplineName": "跆拳道",
        "event": "女子49公斤级16强赛#112",
        "startDate": "17:11",
        "competitors": [
            {
                "noc": "",
                "name": "",
                "mark": "",
                "winnerLoserTie": ""
            },
            {
                "noc": "",
                "name": "",
                "mark": "",
                "winnerLoserTie": ""
            }
        ]
    },
    {
        "disciplineName": "摔跤",
        "event": "男子古典式67公斤级1/8决赛#104",
        "startDate": "17:14",
        "competitors": [
            {
                "noc": "",
                "name": "",
                "mark": "",
                "winnerLoserTie": ""
            },
            {
                "noc": "",
                "name": "",
                "mark": "",
                "winnerLoserTie": ""
            }
        ]
    },
    {
        "disciplineName": "摔跤",
        "event": "女子自由式53公斤级1/8决赛#119",
        "startDate": "17:14",
        "competitors": [
            {
                "noc": "",
                "name": "",
                "mark": "",
                "winnerLoserTie": ""
            },
            {
                "noc": "",
                "name": "",
                "mark": "",
                "winnerLoserTie": ""
            }
        ]
    },
    {
        "disciplineName": "摔跤",
        "event": "男子古典式87公斤级1/8决赛#132",
        "startDate": "17:14",
        "competitors": [
            {
                "noc": "",
                "name": "",
                "mark": "",
                "winnerLoserTie": ""
            },
            {
                "noc": "",
                "name": "",
                "mark": "",
                "winnerLoserTie": ""
            }
        ]
    },
    {
        "disciplineName": "摔跤",
        "event": "男子古典式67公斤级1/8决赛#105",
        "startDate": "17:21",
        "competitors": [
            {
                "noc": "",
                "name": "",
                "mark": "",
                "winnerLoserTie": ""
            },
            {
                "noc": "",
                "name": "",
                "mark": "",
                "winnerLoserTie": ""
            }
        ]
    },
    {
        "disciplineName": "摔跤",
        "event": "女子自由式53公斤级1/8决赛#120",
        "startDate": "17:21",
        "competitors": [
            {
                "noc": "",
                "name": "",
                "mark": "",
                "winnerLoserTie": ""
            },
            {
                "noc": "",
                "name": "",
                "mark": "",
                "winnerLoserTie": ""
            }
        ]
    },
    {
        "disciplineName": "摔跤",
        "event": "男子古典式87公斤级1/8决赛#133",
        "startDate": "17:21",
        "competitors": [
            {
                "noc": "",
                "name": "",
                "mark": "",
                "winnerLoserTie": ""
            },
            {
                "noc": "",
                "name": "",
                "mark": "",
                "winnerLoserTie": ""
            }
        ]
    },
    {
        "disciplineName": "跆拳道",
        "event": "男子58公斤级16强赛#113",
        "startDate": "17:24",
        "competitors": [
            {
                "noc": "",
                "name": "",
                "mark": "",
                "winnerLoserTie": ""
            },
            {
                "noc": "",
                "name": "",
                "mark": "",
                "winnerLoserTie": ""
            }
        ]
    },
    {
        "disciplineName": "摔跤",
        "event": "男子古典式67公斤级1/8决赛#106",
        "startDate": "17:28",
        "competitors": [
            {
                "noc": "",
                "name": "",
                "mark": "",
                "winnerLoserTie": ""
            },
            {
                "noc": "",
                "name": "",
                "mark": "",
                "winnerLoserTie": ""
            }
        ]
    },
    {
        "disciplineName": "摔跤",
        "event": "女子自由式53公斤级1/8决赛#121",
        "startDate": "17:28",
        "competitors": [
            {
                "noc": "",
                "name": "",
                "mark": "",
                "winnerLoserTie": ""
            },
            {
                "noc": "",
                "name": "",
                "mark": "",
                "winnerLoserTie": ""
            }
        ]
    },
    {
        "disciplineName": "摔跤",
        "event": "男子古典式87公斤级1/8决赛#134",
        "startDate": "17:28",
        "competitors": [
            {
                "noc": "",
                "name": "",
                "mark": "",
                "winnerLoserTie": ""
            },
            {
                "noc": "",
                "name": "",
                "mark": "",
                "winnerLoserTie": ""
            }
        ]
    },
    {
        "disciplineName": "摔跤",
        "event": "男子古典式67公斤级1/8决赛#107",
        "startDate": "17:35",
        "competitors": [
            {
                "noc": "",
                "name": "",
                "mark": "",
                "winnerLoserTie": ""
            },
            {
                "noc": "",
                "name": "",
                "mark": "",
                "winnerLoserTie": ""
            }
        ]
    },
    {
        "disciplineName": "摔跤",
        "event": "女子自由式53公斤级1/8决赛#122",
        "startDate": "17:35",
        "competitors": [
            {
                "noc": "",
                "name": "",
                "mark": "",
                "winnerLoserTie": ""
            },
            {
                "noc": "",
                "name": "",
                "mark": "",
                "winnerLoserTie": ""
            }
        ]
    },
    {
        "disciplineName": "摔跤",
        "event": "男子古典式87公斤级1/8决赛#135",
        "startDate": "17:35",
        "competitors": [
            {
                "noc": "",
                "name": "",
                "mark": "",
                "winnerLoserTie": ""
            },
            {
                "noc": "",
                "name": "",
                "mark": "",
                "winnerLoserTie": ""
            }
        ]
    },
    {
        "disciplineName": "跆拳道",
        "event": "女子49公斤级16强赛#114",
        "startDate": "17:36",
        "competitors": [
            {
                "noc": "",
                "name": "",
                "mark": "",
                "winnerLoserTie": ""
            },
            {
                "noc": "",
                "name": "",
                "mark": "",
                "winnerLoserTie": ""
            }
        ]
    },
    {
        "disciplineName": "皮划艇静水",
        "event": "男子1000米单人划艇分组预赛#",
        "startDate": "17:40",
        "competitors": [
            {
                "noc": "",
                "name": "",
                "mark": "",
                "winnerLoserTie": ""
            },
            {
                "noc": "",
                "name": "",
                "mark": "",
                "winnerLoserTie": ""
            }
        ]
    },
    {
        "disciplineName": "摔跤",
        "event": "男子古典式67公斤级1/8决赛#108",
        "startDate": "17:42",
        "competitors": [
            {
                "noc": "",
                "name": "",
                "mark": "",
                "winnerLoserTie": ""
            },
            {
                "noc": "",
                "name": "",
                "mark": "",
                "winnerLoserTie": ""
            }
        ]
    },
    {
        "disciplineName": "摔跤",
        "event": "女子自由式53公斤级1/8决赛#123",
        "startDate": "17:42",
        "competitors": [
            {
                "noc": "",
                "name": "",
                "mark": "",
                "winnerLoserTie": ""
            },
            {
                "noc": "",
                "name": "",
                "mark": "",
                "winnerLoserTie": ""
            }
        ]
    },
    {
        "disciplineName": "摔跤",
        "event": "男子古典式87公斤级1/8决赛#136",
        "startDate": "17:42",
        "competitors": [
            {
                "noc": "",
                "name": "",
                "mark": "",
                "winnerLoserTie": ""
            },
            {
                "noc": "",
                "name": "",
                "mark": "",
                "winnerLoserTie": ""
            }
        ]
    },
    {
        "disciplineName": "跆拳道",
        "event": "男子58公斤级16强赛#115",
        "startDate": "17:48",
        "competitors": [
            {
                "noc": "",
                "name": "",
                "mark": "",
                "winnerLoserTie": ""
            },
            {
                "noc": "",
                "name": "",
                "mark": "",
                "winnerLoserTie": ""
            }
        ]
    },
    {
        "disciplineName": "摔跤",
        "event": "男子古典式67公斤级1/8决赛#109",
        "startDate": "17:49",
        "competitors": [
            {
                "noc": "",
                "name": "",
                "mark": "",
                "winnerLoserTie": ""
            },
            {
                "noc": "",
                "name": "",
                "mark": "",
                "winnerLoserTie": ""
            }
        ]
    },
    {
        "disciplineName": "摔跤",
        "event": "女子自由式53公斤级1/8决赛#124",
        "startDate": "17:49",
        "competitors": [
            {
                "noc": "",
                "name": "",
                "mark": "",
                "winnerLoserTie": ""
            },
            {
                "noc": "",
                "name": "",
                "mark": "",
                "winnerLoserTie": ""
            }
        ]
    },
    {
        "disciplineName": "摔跤",
        "event": "男子古典式87公斤级1/8决赛#137",
        "startDate": "17:49",
        "competitors": [
            {
                "noc": "",
                "name": "",
                "mark": "",
                "winnerLoserTie": ""
            },
            {
                "noc": "",
                "name": "",
                "mark": "",
                "winnerLoserTie": ""
            }
        ]
    },
    {
        "disciplineName": "田径",
        "event": "女子标枪资格赛 - B组#",
        "startDate": "17:50",
        "competitors": [
            {
                "noc": "",
                "name": "",
                "mark": "",
                "winnerLoserTie": ""
            },
            {
                "noc": "",
                "name": "",
                "mark": "",
                "winnerLoserTie": ""
            }
        ]
    },
    {
        "disciplineName": "田径",
        "event": "男子800米第1轮#",
        "startDate": "17:55",
        "competitors": [
            {
                "noc": "",
                "name": "",
                "mark": "",
                "winnerLoserTie": ""
            },
            {
                "noc": "",
                "name": "",
                "mark": "",
                "winnerLoserTie": ""
            }
        ]
    },
    {
        "disciplineName": "摔跤",
        "event": "男子古典式67公斤级1/8决赛#110",
        "startDate": "17:56",
        "competitors": [
            {
                "noc": "",
                "name": "",
                "mark": "",
                "winnerLoserTie": ""
            },
            {
                "noc": "",
                "name": "",
                "mark": "",
                "winnerLoserTie": ""
            }
        ]
    },
    {
        "disciplineName": "摔跤",
        "event": "女子自由式53公斤级1/8决赛#125",
        "startDate": "17:56",
        "competitors": [
            {
                "noc": "",
                "name": "",
                "mark": "",
                "winnerLoserTie": ""
            },
            {
                "noc": "",
                "name": "",
                "mark": "",
                "winnerLoserTie": ""
            }
        ]
    },
    {
        "disciplineName": "摔跤",
        "event": "男子古典式87公斤级1/8决赛#138",
        "startDate": "17:56",
        "competitors": [
            {
                "noc": "",
                "name": "",
                "mark": "",
                "winnerLoserTie": ""
            },
            {
                "noc": "",
                "name": "",
                "mark": "",
                "winnerLoserTie": ""
            }
        ]
    },
    {
        "disciplineName": "跆拳道",
        "event": "女子49公斤级16强赛#116",
        "startDate": "18:00",
        "competitors": [
            {
                "noc": "",
                "name": "",
                "mark": "",
                "winnerLoserTie": ""
            },
            {
                "noc": "",
                "name": "",
                "mark": "",
                "winnerLoserTie": ""
            }
        ]
    },
    {
        "disciplineName": "帆船",
        "event": "女子水翼风筝板 - 比赛07#",
        "startDate": "18:03",
        "competitors": [
            {
                "noc": "",
                "name": "",
                "mark": "",
                "winnerLoserTie": ""
            },
            {
                "noc": "",
                "name": "",
                "mark": "",
                "winnerLoserTie": ""
            }
        ]
    },
    {
        "disciplineName": "摔跤",
        "event": "男子古典式67公斤级1/8决赛#111",
        "startDate": "18:03",
        "competitors": [
            {
                "noc": "",
                "name": "",
                "mark": "",
                "winnerLoserTie": ""
            },
            {
                "noc": "",
                "name": "",
                "mark": "",
                "winnerLoserTie": ""
            }
        ]
    },
    {
        "disciplineName": "摔跤",
        "event": "女子自由式53公斤级1/4决赛#126",
        "startDate": "18:03",
        "competitors": [
            {
                "noc": "",
                "name": "",
                "mark": "",
                "winnerLoserTie": ""
            },
            {
                "noc": "",
                "name": "",
                "mark": "",
                "winnerLoserTie": ""
            }
        ]
    },
    {
        "disciplineName": "摔跤",
        "event": "男子古典式87公斤级1/8决赛#139",
        "startDate": "18:03",
        "competitors": [
            {
                "noc": "",
                "name": "",
                "mark": "",
                "winnerLoserTie": ""
            },
            {
                "noc": "",
                "name": "",
                "mark": "",
                "winnerLoserTie": ""
            }
        ]
    },
    {
        "disciplineName": "摔跤",
        "event": "男子古典式67公斤级1/4决赛#112",
        "startDate": "18:10",
        "competitors": [
            {
                "noc": "",
                "name": "",
                "mark": "",
                "winnerLoserTie": ""
            },
            {
                "noc": "",
                "name": "",
                "mark": "",
                "winnerLoserTie": ""
            }
        ]
    },
    {
        "disciplineName": "摔跤",
        "event": "女子自由式53公斤级1/4决赛#127",
        "startDate": "18:10",
        "competitors": [
            {
                "noc": "",
                "name": "",
                "mark": "",
                "winnerLoserTie": ""
            },
            {
                "noc": "",
                "name": "",
                "mark": "",
                "winnerLoserTie": ""
            }
        ]
    },
    {
        "disciplineName": "摔跤",
        "event": "男子古典式87公斤级1/4决赛#140",
        "startDate": "18:10",
        "competitors": [
            {
                "noc": "",
                "name": "",
                "mark": "",
                "winnerLoserTie": ""
            },
            {
                "noc": "",
                "name": "",
                "mark": "",
                "winnerLoserTie": ""
            }
        ]
    },
    {
        "disciplineName": "帆船",
        "event": "女子帆船激光雷迪尔级奖牌赛#",
        "startDate": "18:13",
        "competitors": [
            {
                "noc": "",
                "name": "",
                "mark": "",
                "winnerLoserTie": ""
            },
            {
                "noc": "",
                "name": "",
                "mark": "",
                "winnerLoserTie": ""
            }
        ]
    },
    {
        "disciplineName": "跆拳道",
        "event": "男子58公斤级16强赛#117",
        "startDate": "18:13",
        "competitors": [
            {
                "noc": "",
                "name": "",
                "mark": "",
                "winnerLoserTie": ""
            },
            {
                "noc": "",
                "name": "",
                "mark": "",
                "winnerLoserTie": ""
            }
        ]
    },
    {
        "disciplineName": "摔跤",
        "event": "男子古典式67公斤级1/4决赛#113",
        "startDate": "18:17",
        "competitors": [
            {
                "noc": "",
                "name": "",
                "mark": "",
                "winnerLoserTie": ""
            },
            {
                "noc": "",
                "name": "",
                "mark": "",
                "winnerLoserTie": ""
            }
        ]
    },
    {
        "disciplineName": "摔跤",
        "event": "女子自由式53公斤级1/4决赛#128",
        "startDate": "18:17",
        "competitors": [
            {
                "noc": "",
                "name": "",
                "mark": "",
                "winnerLoserTie": ""
            },
            {
                "noc": "",
                "name": "",
                "mark": "",
                "winnerLoserTie": ""
            }
        ]
    },
    {
        "disciplineName": "摔跤",
        "event": "男子古典式87公斤级1/4决赛#141",
        "startDate": "18:17",
        "competitors": [
            {
                "noc": "",
                "name": "",
                "mark": "",
                "winnerLoserTie": ""
            },
            {
                "noc": "",
                "name": "",
                "mark": "",
                "winnerLoserTie": ""
            }
        ]
    },
    {
        "disciplineName": "帆船",
        "event": "男子水翼风筝板 - 比赛08#",
        "startDate": "18:23",
        "competitors": [
            {
                "noc": "",
                "name": "",
                "mark": "",
                "winnerLoserTie": ""
            },
            {
                "noc": "",
                "name": "",
                "mark": "",
                "winnerLoserTie": ""
            }
        ]
    },
    {
        "disciplineName": "摔跤",
        "event": "男子古典式67公斤级1/4决赛#114",
        "startDate": "18:24",
        "competitors": [
            {
                "noc": "",
                "name": "",
                "mark": "",
                "winnerLoserTie": ""
            },
            {
                "noc": "",
                "name": "",
                "mark": "",
                "winnerLoserTie": ""
            }
        ]
    },
    {
        "disciplineName": "摔跤",
        "event": "女子自由式53公斤级1/4决赛#129",
        "startDate": "18:24",
        "competitors": [
            {
                "noc": "",
                "name": "",
                "mark": "",
                "winnerLoserTie": ""
            },
            {
                "noc": "",
                "name": "",
                "mark": "",
                "winnerLoserTie": ""
            }
        ]
    },
    {
        "disciplineName": "摔跤",
        "event": "男子古典式87公斤级1/4决赛#142",
        "startDate": "18:24",
        "competitors": [
            {
                "noc": "",
                "name": "",
                "mark": "",
                "winnerLoserTie": ""
            },
            {
                "noc": "",
                "name": "",
                "mark": "",
                "winnerLoserTie": ""
            }
        ]
    },
    {
        "disciplineName": "跆拳道",
        "event": "女子49公斤级16强赛#118",
        "startDate": "18:25",
        "competitors": [
            {
                "noc": "",
                "name": "",
                "mark": "",
                "winnerLoserTie": ""
            },
            {
                "noc": "",
                "name": "",
                "mark": "",
                "winnerLoserTie": ""
            }
        ]
    },
    {
        "disciplineName": "滑板",
        "event": "男子公园赛预赛#",
        "startDate": "18:30",
        "competitors": [
            {
                "noc": "",
                "name": "",
                "mark": "",
                "winnerLoserTie": ""
            },
            {
                "noc": "",
                "name": "",
                "mark": "",
                "winnerLoserTie": ""
            }
        ]
    },
    {
        "disciplineName": "摔跤",
        "event": "男子古典式67公斤级1/4决赛#115",
        "startDate": "18:31",
        "competitors": [
            {
                "noc": "",
                "name": "",
                "mark": "",
                "winnerLoserTie": ""
            },
            {
                "noc": "",
                "name": "",
                "mark": "",
                "winnerLoserTie": ""
            }
        ]
    },
    {
        "disciplineName": "摔跤",
        "event": "男子古典式87公斤级1/4决赛#143",
        "startDate": "18:31",
        "competitors": [
            {
                "noc": "",
                "name": "",
                "mark": "",
                "winnerLoserTie": ""
            },
            {
                "noc": "",
                "name": "",
                "mark": "",
                "winnerLoserTie": ""
            }
        ]
    },
    {
        "disciplineName": "运动攀岩",
        "event": "女子速度赛1/4决赛#",
        "startDate": "18:35",
        "competitors": [
            {
                "noc": "",
                "name": "",
                "mark": "",
                "winnerLoserTie": ""
            },
            {
                "noc": "",
                "name": "",
                "mark": "",
                "winnerLoserTie": ""
            }
        ]
    },
    {
        "disciplineName": "跆拳道",
        "event": "男子58公斤级16强赛#119",
        "startDate": "18:37",
        "competitors": [
            {
                "noc": "",
                "name": "",
                "mark": "",
                "winnerLoserTie": ""
            },
            {
                "noc": "",
                "name": "",
                "mark": "",
                "winnerLoserTie": ""
            }
        ]
    },
    {
        "disciplineName": "帆船",
        "event": "女子水翼风筝板 - 比赛08#",
        "startDate": "18:43",
        "competitors": [
            {
                "noc": "",
                "name": "",
                "mark": "",
                "winnerLoserTie": ""
            },
            {
                "noc": "",
                "name": "",
                "mark": "",
                "winnerLoserTie": ""
            }
        ]
    },
    {
        "disciplineName": "场地自行车",
        "event": "男子争先赛资格赛#",
        "startDate": "18:45",
        "competitors": [
            {
                "noc": "",
                "name": "",
                "mark": "",
                "winnerLoserTie": ""
            },
            {
                "noc": "",
                "name": "",
                "mark": "",
                "winnerLoserTie": ""
            }
        ]
    },
    {
        "disciplineName": "田径",
        "event": "女子1500米复活赛#",
        "startDate": "18:45",
        "competitors": [
            {
                "noc": "",
                "name": "",
                "mark": "",
                "winnerLoserTie": ""
            },
            {
                "noc": "",
                "name": "",
                "mark": "",
                "winnerLoserTie": ""
            }
        ]
    },
    {
        "disciplineName": "运动攀岩",
        "event": "女子速度赛半决赛#",
        "startDate": "18:46",
        "competitors": [
            {
                "noc": "",
                "name": "",
                "mark": "",
                "winnerLoserTie": ""
            },
            {
                "noc": "",
                "name": "",
                "mark": "",
                "winnerLoserTie": ""
            }
        ]
    },
    {
        "disciplineName": "帆船",
        "event": "男子水翼风筝板 - 比赛09#",
        "startDate": "18:48",
        "competitors": [
            {
                "noc": "",
                "name": "",
                "mark": "",
                "winnerLoserTie": ""
            },
            {
                "noc": "",
                "name": "",
                "mark": "",
                "winnerLoserTie": ""
            }
        ]
    },
    {
        "disciplineName": "运动攀岩",
        "event": "女子速度赛决赛#",
        "startDate": "18:54",
        "competitors": [
            {
                "noc": "",
                "name": "",
                "mark": "",
                "winnerLoserTie": ""
            },
            {
                "noc": "",
                "name": "",
                "mark": "",
                "winnerLoserTie": ""
            }
        ]
    },
    {
        "disciplineName": "帆船",
        "event": "男子水翼风筝板 - 比赛10#",
        "startDate": "19:13",
        "competitors": [
            {
                "noc": "",
                "name": "",
                "mark": "",
                "winnerLoserTie": ""
            },
            {
                "noc": "",
                "name": "",
                "mark": "",
                "winnerLoserTie": ""
            }
        ]
    },
    {
        "disciplineName": "帆船",
        "event": "男子帆船激光级奖牌赛#",
        "startDate": "19:13",
        "competitors": [
            {
                "noc": "",
                "name": "",
                "mark": "",
                "winnerLoserTie": ""
            },
            {
                "noc": "",
                "name": "",
                "mark": "",
                "winnerLoserTie": ""
            }
        ]
    },
    {
        "disciplineName": "帆船",
        "event": "女子水翼风筝板 - 比赛09#",
        "startDate": "19:23",
        "competitors": [
            {
                "noc": "",
                "name": "",
                "mark": "",
                "winnerLoserTie": ""
            },
            {
                "noc": "",
                "name": "",
                "mark": "",
                "winnerLoserTie": ""
            }
        ]
    },
    {
        "disciplineName": "场地自行车",
        "event": "女子凯林赛第1轮#",
        "startDate": "19:26",
        "competitors": [
            {
                "noc": "",
                "name": "",
                "mark": "",
                "winnerLoserTie": ""
            },
            {
                "noc": "",
                "name": "",
                "mark": "",
                "winnerLoserTie": ""
            }
        ]
    },
    {
        "disciplineName": "手球",
        "event": "男子1/4决赛#31",
        "startDate": "19:30",
        "competitors": [
            {
                "noc": "./country_images/GER.png",
                "name": "德国",
                "mark": "35",
                "winnerLoserTie": "W"
            },
            {
                "noc": "./country_images/FRA.png",
                "name": "法国",
                "mark": "34",
                "winnerLoserTie": "L"
            }
        ]
    },
    {
        "disciplineName": "皮划艇静水",
        "event": "女子500米单人皮艇1/4决赛#",
        "startDate": "19:30",
        "competitors": [
            {
                "noc": "",
                "name": "",
                "mark": "",
                "winnerLoserTie": ""
            },
            {
                "noc": "",
                "name": "",
                "mark": "",
                "winnerLoserTie": ""
            }
        ]
    },
    {
        "disciplineName": "帆船",
        "event": "男子水翼风筝板 - 比赛11#",
        "startDate": "19:38",
        "competitors": [
            {
                "noc": "",
                "name": "",
                "mark": "",
                "winnerLoserTie": ""
            },
            {
                "noc": "",
                "name": "",
                "mark": "",
                "winnerLoserTie": ""
            }
        ]
    },
    {
        "disciplineName": "场地自行车",
        "event": "女子团体追逐赛第1轮#",
        "startDate": "19:52",
        "competitors": [
            {
                "noc": "",
                "name": "",
                "mark": "",
                "winnerLoserTie": ""
            },
            {
                "noc": "",
                "name": "",
                "mark": "",
                "winnerLoserTie": ""
            }
        ]
    },
    {
        "disciplineName": "曲棍球",
        "event": "女子半决赛#W35",
        "startDate": "20:00",
        "competitors": [
            {
                "noc": "./country_images/NED.png",
                "name": "荷兰",
                "mark": "3",
                "winnerLoserTie": "W"
            },
            {
                "noc": "./country_images/ARG.png",
                "name": "阿根廷",
                "mark": "0",
                "winnerLoserTie": "L"
            }
        ]
    },
    {
        "disciplineName": "水球",
        "event": "男子1/4决赛#34",
        "startDate": "20:00",
        "competitors": [
            {
                "noc": "./country_images/CRO.png",
                "name": "克罗地亚",
                "mark": "10",
                "winnerLoserTie": "W"
            },
            {
                "noc": "./country_images/ESP.png",
                "name": "西班牙",
                "mark": "8",
                "winnerLoserTie": "L"
            }
        ]
    },
    {
        "disciplineName": "帆船",
        "event": "男子水翼风筝板 - 比赛12#",
        "startDate": "20:03",
        "competitors": [
            {
                "noc": "",
                "name": "",
                "mark": "",
                "winnerLoserTie": ""
            },
            {
                "noc": "",
                "name": "",
                "mark": "",
                "winnerLoserTie": ""
            }
        ]
    },
    {
        "disciplineName": "帆船",
        "event": "女子水翼风筝板 - 比赛10#",
        "startDate": "20:03",
        "competitors": [
            {
                "noc": "",
                "name": "",
                "mark": "",
                "winnerLoserTie": ""
            },
            {
                "noc": "",
                "name": "",
                "mark": "",
                "winnerLoserTie": ""
            }
        ]
    },
    {
        "disciplineName": "皮划艇静水",
        "event": "男子1000米单人皮艇1/4决赛#",
        "startDate": "20:10",
        "competitors": [
            {
                "noc": "",
                "name": "",
                "mark": "",
                "winnerLoserTie": ""
            },
            {
                "noc": "",
                "name": "",
                "mark": "",
                "winnerLoserTie": ""
            }
        ]
    },
    {
        "disciplineName": "场地自行车",
        "event": "男子争先赛1/32决赛#",
        "startDate": "20:30",
        "competitors": [
            {
                "noc": "",
                "name": "",
                "mark": "",
                "winnerLoserTie": ""
            },
            {
                "noc": "",
                "name": "",
                "mark": "",
                "winnerLoserTie": ""
            }
        ]
    },
    {
        "disciplineName": "篮球",
        "event": "女子1/4决赛#42",
        "startDate": "20:30",
        "competitors": [
            {
                "noc": "./country_images/ESP.png",
                "name": "西班牙",
                "mark": "66",
                "winnerLoserTie": "L"
            },
            {
                "noc": "./country_images/BEL.png",
                "name": "比利时",
                "mark": "79",
                "winnerLoserTie": "W"
            }
        ]
    },
    {
        "disciplineName": "跆拳道",
        "event": "女子49公斤级1/4决赛#120",
        "startDate": "20:30",
        "competitors": [
            {
                "noc": "",
                "name": "",
                "mark": "",
                "winnerLoserTie": ""
            },
            {
                "noc": "",
                "name": "",
                "mark": "",
                "winnerLoserTie": ""
            }
        ]
    },
    {
        "disciplineName": "皮划艇静水",
        "event": "男子1000米单人划艇1/4决赛#",
        "startDate": "20:40",
        "competitors": [
            {
                "noc": "",
                "name": "",
                "mark": "",
                "winnerLoserTie": ""
            },
            {
                "noc": "",
                "name": "",
                "mark": "",
                "winnerLoserTie": ""
            }
        ]
    },
    {
        "disciplineName": "跆拳道",
        "event": "男子58公斤级1/4决赛#121",
        "startDate": "20:40",
        "competitors": [
            {
                "noc": "",
                "name": "",
                "mark": "",
                "winnerLoserTie": ""
            },
            {
                "noc": "",
                "name": "",
                "mark": "",
                "winnerLoserTie": ""
            }
        ]
    },
    {
        "disciplineName": "帆船",
        "event": "女子水翼风筝板 - 比赛11#",
        "startDate": "20:43",
        "competitors": [
            {
                "noc": "",
                "name": "",
                "mark": "",
                "winnerLoserTie": ""
            },
            {
                "noc": "",
                "name": "",
                "mark": "",
                "winnerLoserTie": ""
            }
        ]
    },
    {
        "disciplineName": "跆拳道",
        "event": "女子49公斤级1/4决赛#122",
        "startDate": "20:53",
        "competitors": [
            {
                "noc": "",
                "name": "",
                "mark": "",
                "winnerLoserTie": ""
            },
            {
                "noc": "",
                "name": "",
                "mark": "",
                "winnerLoserTie": ""
            }
        ]
    },
    {
        "disciplineName": "举重",
        "event": "男子61公斤级#",
        "startDate": "21:00",
        "competitors": [
            {
                "noc": "",
                "name": "",
                "mark": "",
                "winnerLoserTie": ""
            },
            {
                "noc": "",
                "name": "",
                "mark": "",
                "winnerLoserTie": ""
            }
        ]
    },
    {
        "disciplineName": "乒乓球",
        "event": "女子团体1/4决赛#9",
        "startDate": "21:00",
        "competitors": [
            {
                "noc": "./country_images/CHN.png",
                "name": "中国",
                "mark": "3",
                "winnerLoserTie": "W"
            },
            {
                "noc": "./country_images/TPE.png",
                "name": "Chinese Taipei",
                "mark": "0",
                "winnerLoserTie": "L"
            }
        ]
    },
    {
        "disciplineName": "乒乓球",
        "event": "男子团体1/4决赛#10",
        "startDate": "21:00",
        "competitors": [
            {
                "noc": "./country_images/BRA.png",
                "name": "巴西",
                "mark": "0",
                "winnerLoserTie": "L"
            },
            {
                "noc": "./country_images/FRA.png",
                "name": "法国",
                "mark": "3",
                "winnerLoserTie": "W"
            }
        ]
    },
    {
        "disciplineName": "跳水",
        "event": "女子3米跳板跳水预赛#",
        "startDate": "21:00",
        "competitors": [
            {
                "noc": "",
                "name": "",
                "mark": "",
                "winnerLoserTie": ""
            },
            {
                "noc": "",
                "name": "",
                "mark": "",
                "winnerLoserTie": ""
            }
        ]
    },
    {
        "disciplineName": "跆拳道",
        "event": "男子58公斤级1/4决赛#123",
        "startDate": "21:06",
        "competitors": [
            {
                "noc": "",
                "name": "",
                "mark": "",
                "winnerLoserTie": ""
            },
            {
                "noc": "",
                "name": "",
                "mark": "",
                "winnerLoserTie": ""
            }
        ]
    },
    {
        "disciplineName": "场地自行车",
        "event": "女子凯林赛复活赛#",
        "startDate": "21:10",
        "competitors": [
            {
                "noc": "",
                "name": "",
                "mark": "",
                "winnerLoserTie": ""
            },
            {
                "noc": "",
                "name": "",
                "mark": "",
                "winnerLoserTie": ""
            }
        ]
    },
    {
        "disciplineName": "跆拳道",
        "event": "女子49公斤级1/4决赛#124",
        "startDate": "21:19",
        "competitors": [
            {
                "noc": "",
                "name": "",
                "mark": "",
                "winnerLoserTie": ""
            },
            {
                "noc": "",
                "name": "",
                "mark": "",
                "winnerLoserTie": ""
            }
        ]
    },
    {
        "disciplineName": "场地自行车",
        "event": "男子争先赛1/32决赛复活赛#",
        "startDate": "21:30",
        "competitors": [
            {
                "noc": "",
                "name": "",
                "mark": "",
                "winnerLoserTie": ""
            },
            {
                "noc": "",
                "name": "",
                "mark": "",
                "winnerLoserTie": ""
            }
        ]
    },
    {
        "disciplineName": "跆拳道",
        "event": "男子58公斤级1/4决赛#125",
        "startDate": "21:32",
        "competitors": [
            {
                "noc": "",
                "name": "",
                "mark": "",
                "winnerLoserTie": ""
            },
            {
                "noc": "",
                "name": "",
                "mark": "",
                "winnerLoserTie": ""
            }
        ]
    },
    {
        "disciplineName": "水球",
        "event": "男子1/4决赛#31",
        "startDate": "21:35",
        "competitors": [
            {
                "noc": "./country_images/GRE.png",
                "name": "希腊",
                "mark": "11",
                "winnerLoserTie": "L"
            },
            {
                "noc": "./country_images/SRB.png",
                "name": "塞尔维亚",
                "mark": "12",
                "winnerLoserTie": "W"
            }
        ]
    },
    {
        "disciplineName": "跆拳道",
        "event": "女子49公斤级1/4决赛#126",
        "startDate": "21:45",
        "competitors": [
            {
                "noc": "",
                "name": "",
                "mark": "",
                "winnerLoserTie": ""
            },
            {
                "noc": "",
                "name": "",
                "mark": "",
                "winnerLoserTie": ""
            }
        ]
    },
    {
        "disciplineName": "跆拳道",
        "event": "男子58公斤级1/4决赛#127",
        "startDate": "21:58",
        "competitors": [
            {
                "noc": "",
                "name": "",
                "mark": "",
                "winnerLoserTie": ""
            },
            {
                "noc": "",
                "name": "",
                "mark": "",
                "winnerLoserTie": ""
            }
        ]
    },
    {
        "disciplineName": "帆船",
        "event": "男子水翼风筝板 - 比赛13#",
        "startDate": "22:00",
        "competitors": [
            {
                "noc": "",
                "name": "",
                "mark": "",
                "winnerLoserTie": ""
            },
            {
                "noc": "",
                "name": "",
                "mark": "",
                "winnerLoserTie": ""
            }
        ]
    },
    {
        "disciplineName": "帆船",
        "event": "男子水翼风筝板 - 比赛14#",
        "startDate": "22:00",
        "competitors": [
            {
                "noc": "",
                "name": "",
                "mark": "",
                "winnerLoserTie": ""
            },
            {
                "noc": "",
                "name": "",
                "mark": "",
                "winnerLoserTie": ""
            }
        ]
    },
    {
        "disciplineName": "帆船",
        "event": "男子水翼风筝板 - 比赛15#",
        "startDate": "22:00",
        "competitors": [
            {
                "noc": "",
                "name": "",
                "mark": "",
                "winnerLoserTie": ""
            },
            {
                "noc": "",
                "name": "",
                "mark": "",
                "winnerLoserTie": ""
            }
        ]
    },
    {
        "disciplineName": "帆船",
        "event": "女子水翼风筝板 - 比赛12#",
        "startDate": "22:00",
        "competitors": [
            {
                "noc": "",
                "name": "",
                "mark": "",
                "winnerLoserTie": ""
            },
            {
                "noc": "",
                "name": "",
                "mark": "",
                "winnerLoserTie": ""
            }
        ]
    },
    {
        "disciplineName": "帆船",
        "event": "男子水翼风筝板 - 比赛16#",
        "startDate": "22:00",
        "competitors": [
            {
                "noc": "",
                "name": "",
                "mark": "",
                "winnerLoserTie": ""
            },
            {
                "noc": "",
                "name": "",
                "mark": "",
                "winnerLoserTie": ""
            }
        ]
    },
    {
        "disciplineName": "帆船",
        "event": "女子水翼风筝板 - 比赛13#",
        "startDate": "22:00",
        "competitors": [
            {
                "noc": "",
                "name": "",
                "mark": "",
                "winnerLoserTie": ""
            },
            {
                "noc": "",
                "name": "",
                "mark": "",
                "winnerLoserTie": ""
            }
        ]
    },
    {
        "disciplineName": "帆船",
        "event": "女子水翼风筝板 - 比赛14#",
        "startDate": "22:00",
        "competitors": [
            {
                "noc": "",
                "name": "",
                "mark": "",
                "winnerLoserTie": ""
            },
            {
                "noc": "",
                "name": "",
                "mark": "",
                "winnerLoserTie": ""
            }
        ]
    },
    {
        "disciplineName": "帆船",
        "event": "女子水翼风筝板 - 比赛15#",
        "startDate": "22:00",
        "competitors": [
            {
                "noc": "",
                "name": "",
                "mark": "",
                "winnerLoserTie": ""
            },
            {
                "noc": "",
                "name": "",
                "mark": "",
                "winnerLoserTie": ""
            }
        ]
    },
    {
        "disciplineName": "帆船",
        "event": "女子水翼风筝板 - 比赛16#",
        "startDate": "22:00",
        "competitors": [
            {
                "noc": "",
                "name": "",
                "mark": "",
                "winnerLoserTie": ""
            },
            {
                "noc": "",
                "name": "",
                "mark": "",
                "winnerLoserTie": ""
            }
        ]
    },
    {
        "disciplineName": "排球",
        "event": "男子半决赛#24",
        "startDate": "22:00",
        "competitors": [
            {
                "noc": "./country_images/POL.png",
                "name": "波兰",
                "mark": "3",
                "winnerLoserTie": "W"
            },
            {
                "noc": "./country_images/USA.png",
                "name": "美国",
                "mark": "2",
                "winnerLoserTie": "L"
            }
        ]
    },
    {
        "disciplineName": "跆拳道",
        "event": "女子49公斤级半决赛#128",
        "startDate": "22:21",
        "competitors": [
            {
                "noc": "",
                "name": "",
                "mark": "",
                "winnerLoserTie": ""
            },
            {
                "noc": "",
                "name": "",
                "mark": "",
                "winnerLoserTie": ""
            }
        ]
    },
    {
        "disciplineName": "跆拳道",
        "event": "男子58公斤级半决赛#129",
        "startDate": "22:36",
        "competitors": [
            {
                "noc": "",
                "name": "",
                "mark": "",
                "winnerLoserTie": ""
            },
            {
                "noc": "",
                "name": "",
                "mark": "",
                "winnerLoserTie": ""
            }
        ]
    },
    {
        "disciplineName": "跆拳道",
        "event": "女子49公斤级半决赛#130",
        "startDate": "22:49",
        "competitors": [
            {
                "noc": "",
                "name": "",
                "mark": "",
                "winnerLoserTie": ""
            },
            {
                "noc": "",
                "name": "",
                "mark": "",
                "winnerLoserTie": ""
            }
        ]
    },
    {
        "disciplineName": "沙滩排球",
        "event": "女子1/4决赛#50",
        "startDate": "23:00",
        "competitors": [
            {
                "noc": "./country_images/ESP.png",
                "name": "ALVAREZ M/MORENO",
                "mark": "0",
                "winnerLoserTie": "L"
            },
            {
                "noc": "./country_images/CAN.png",
                "name": "MELISSA/BRANDIE",
                "mark": "2",
                "winnerLoserTie": "W"
            }
        ]
    },
    {
        "disciplineName": "跆拳道",
        "event": "男子58公斤级半决赛#131",
        "startDate": "23:02",
        "competitors": [
            {
                "noc": "",
                "name": "",
                "mark": "",
                "winnerLoserTie": ""
            },
            {
                "noc": "",
                "name": "",
                "mark": "",
                "winnerLoserTie": ""
            }
        ]
    },
    {
        "disciplineName": "场地自行车",
        "event": "男子争先赛1/16决赛#",
        "startDate": "23:30",
        "competitors": [
            {
                "noc": "",
                "name": "",
                "mark": "",
                "winnerLoserTie": ""
            },
            {
                "noc": "",
                "name": "",
                "mark": "",
                "winnerLoserTie": ""
            }
        ]
    },
    {
        "disciplineName": "手球",
        "event": "男子1/4决赛#34",
        "startDate": "23:30",
        "competitors": [
            {
                "noc": "./country_images/DEN.png",
                "name": "丹麦",
                "mark": "32",
                "winnerLoserTie": "W"
            },
            {
                "noc": "./country_images/SWE.png",
                "name": "瑞典",
                "mark": "31",
                "winnerLoserTie": "L"
            }
        ]
    },
    {
        "disciplineName": "滑板",
        "event": "男子公园赛决赛#",
        "startDate": "23:30",
        "competitors": [
            {
                "noc": "",
                "name": "",
                "mark": "",
                "winnerLoserTie": ""
            },
            {
                "noc": "",
                "name": "",
                "mark": "",
                "winnerLoserTie": ""
            }
        ]
    }
]